id,наименование,ссылка,"регулярная цена, руб.","промо цена, руб.",бренд
40137,"Сыр Ламбер Классический 50%, ~1кг",https://online.metro-cc.ru/products/lamber-v-bochonke-1kg-bzmzh,869,нет скидки,ЛАМБЕР
557517,"Сыр Hochland Фетакса в рассоле мягкий 45%, 480г",https://online.metro-cc.ru/products/hochland-klassicheskij-480g-bzmzh,339,289,HOCHLAND
214939,"Сыр Natura cливочный полутвердый 45%, 400г",https://online.metro-cc.ru/products/400g-syr-slivochnyy-45-natura-bzmzh,429,319,NATURA
390227,"Сыр Ламбер полутвердый 50%, 230г",https://online.metro-cc.ru/products/lamber-50230g-bzmzh,269,239,ЛАМБЕР
134954,"Сыр плавленый Hochland Чизбургер 45%, 150г",https://online.metro-cc.ru/products/plavlenyj-hochland-chizburger-45-150g-bzmzh,127,94,HOCHLAND
214938,"Сыр Natura cливочный легкий полутвердый 16%, 400г",https://online.metro-cc.ru/products/400g-syr-legkiy-30-natura-bzmzh,459,319,NATURA
119950,"METRO Chef Сыр Российский сливочный, ~1кг",https://online.metro-cc.ru/products/1kg-50-rossijskij-metro-chef-sliv-bzmzh,849,нет скидки,METRO CHEF
81436,"Сыр творожный Виолетта сливочный 70%, 400г",https://online.metro-cc.ru/products/violetta-bez-zamenitelya-molochnyh-zhirov-400-g,289,нет скидки,ВИОЛЕТТА
52296,"Творожный сыр Profi Cheese Сливочный 68%, 2кг",https://online.metro-cc.ru/products/art_52296,757,нет скидки,PROFI CHEESE
621667,"METRO Chef Сыр Тильзитер 45%, 500г",https://online.metro-cc.ru/products/metro-chef-tilziter-narezka-45-500g,539,нет скидки,METRO CHEF
276138,"Сыр Galbani Моцарелла Maxi рассольный 45%, 250г",https://online.metro-cc.ru/products/mocarella-galbani-maxi-250-g-bzmzh,339,229,GALBANI
76003,"Сыр Брест-Литовск Финский 45%, 200г",https://online.metro-cc.ru/products/art_76003,194,169,БРЕСТ-ЛИТОВСК
279224,"Сыр Galbani Боккончини Моцарелла мини 45%, 150г",https://online.metro-cc.ru/products/galbani-mocarella-mini-150g-bzmzh,229,нет скидки,GALBANI
116702,"METRO Chef Сыр для пиццы Моцарелла 45%, 1.2кг",https://online.metro-cc.ru/products/1200g-45-metro-chef-mocarella-d-pic-bzmzh,799,нет скидки,METRO CHEF
534743,"Сыр творожный Hochland с зеленью 60%, 220г",https://online.metro-cc.ru/products/hochland-s-zelenyu-220g-bzmzh,162,139,HOCHLAND
584205,"Сыр творожный Hochland для кулинарии 65%, 400г",https://online.metro-cc.ru/products/hochland-400g-bzmzh,329,нет скидки,HOCHLAND
123051,"Сыр Hochland Professional Моцарелла для пиццы, 1кг",https://online.metro-cc.ru/products/1kg-mocarella-d-piccy-hochland-bzmzh,699,нет скидки,HOCHLAND
518578,"Сыр Bonfesto Моцарелла для пиццы 40%, 1кг",https://online.metro-cc.ru/products/mocarella-dlya-piccy-bonfesto-40-1kg-bzmzh,789,нет скидки,BONFESTO
574685,"Сыр Laime Пармезан 40%, ~1.1кг",https://online.metro-cc.ru/products/laime-parmezan-40-11kg-bzmzh,1 999,1 429,LAIME
133351,"Сыр творожный Lubimo & Zdravo 65%, 2кг",https://online.metro-cc.ru/products/tvorozhnyj-65-lubimo-zdravo-2kg-bzmzh,979,нет скидки,LUBIMO & ZDRAVO
118308,"METRO Chef Сыр Тильзитер 45%, 500г",https://online.metro-cc.ru/products/500g-45-metro-chef-tilziter-bzmzh,499,нет скидки,METRO CHEF
621669,"METRO Chef Сыр Чеддар 50%, 500г",https://online.metro-cc.ru/products/metro-chef-cheddar-50-500-g,589,нет скидки,METRO CHEF
215910,"Сыр Natura cливочный полутвердый нарезка 45%, 300г",https://online.metro-cc.ru/products/300g-syr-slivochnyy-45-natura-narezka-bzmzh,419,299,NATURA
132601,"Сыр творожный Almette сливочный 60%, 150г",https://online.metro-cc.ru/products/tvorozhnyj-almette-slivochnyj-60-150g-bzmzh,129,нет скидки,ALMETTE
203292,"Сыр Laplandia сливочный кусок 45%, 300г",https://online.metro-cc.ru/products/300g-syr-45-laplandia-slivochnyy-kusok-bzmzh,479,279,LAPLANDIA
118313,"METRO Chef Сыр Российский 50%, 500г",https://online.metro-cc.ru/products/500g-50-rossijskij-metro-chef-bzmzh,409,нет скидки,METRO CHEF
636240,"Сыр Cheese Gallery Пармезан 6 месяцев выдержки, ~1кг",https://online.metro-cc.ru/products/cheese-gallery-parmezan-1kg-bzmzh,1 689,1 499,CHEESE GALLERY
510982,"Сыр Dolce Пармезан твердый тертый, 150г",https://online.metro-cc.ru/products/parmezan-tertyj-dolce-150g-bzmzh,267,нет скидки,DOLCE
621705,"METRO Chef Сыр Гауда 48%, 500г",https://online.metro-cc.ru/products/metro-chef-gauda-narezka-48-500-g,619,нет скидки,METRO CHEF
134942,"Сыр плавленый Hochland Фетакса 45%, 400г",https://online.metro-cc.ru/products/plavlennyj-hochland-fetaksa-45-400g-bzmzh,282,нет скидки,HOCHLAND
118311,"METRO Chef Сыр Маасдам 45%, 500г",https://online.metro-cc.ru/products/500g-45-metro-chef-maasdam-bzmzh,689,нет скидки,METRO CHEF
447547,"Сыр Умалат Сулугуни 45%, 280г",https://online.metro-cc.ru/products/suluguni-umalat-45-280-g,267,нет скидки,УМАЛАТ
96828,"Сыр Galbani Моцарелла мини мягкий 45%, 100г",https://online.metro-cc.ru/products/myagkij-galbani-mocarella-mini-45-bzmzh-100-g,128,нет скидки,GALBANI
621673,"METRO Chef Сыр Чеддар красный 50%, 1кг",https://online.metro-cc.ru/products/cheddar-krasnyj-narezka-50-metro-chef-1000-g,1 249,нет скидки,METRO CHEF
510798,"Сыр Mlekara Sabac Сербская брынза мягкий 45%, 450г",https://online.metro-cc.ru/products/mlekara-sabac-serbskaya-450-g-bzmzh,399,нет скидки,MLEKARA SABAC
125025,"Сыр Брест-Литовск Маасдам полутвердый брусок 45%, 200г",https://online.metro-cc.ru/products/200g-45-maasdam-brest-litovsk-bzmzh,249,нет скидки,БРЕСТ-ЛИТОВСК
547741,"Сыр Milkana GrandBlu Creamy с голубой плесенью, 100г",https://online.metro-cc.ru/products/milkana-grand-blu-creamy-100-g-bzmzh,229,нет скидки,GRANDBLU
621672,"METRO Chef Сыр Тильзитер 45%, 1кг",https://online.metro-cc.ru/products/tilziter-45-narezka-metro-chef-1-kg,1 049,нет скидки,METRO CHEF
123790,"METRO Chef Смесь тертых сыров 45%, 150г",https://online.metro-cc.ru/products/150g-smes-tyortyh-45-metro-chef-bzmzh,139,нет скидки,METRO CHEF
216771,"METRO Chef Бри 60%, 125г",https://online.metro-cc.ru/products/125g-syr-bri-60-metro-chef-bzmzh,206,нет скидки,METRO CHEF
203756,"Сыр Viola маасдам нарезка 45%, 120г",https://online.metro-cc.ru/products/120g-syr-45-viola-maasdam-narezka-bzmzh,207,149,VIOLA
621675,"METRO Chef Сыр Эдам 40% полутвердый, 1кг",https://online.metro-cc.ru/products/edam-40-narezka-metro-chef-1-kg,949,нет скидки,METRO CHEF
627943,"METRO Chef Сыр Маскарпоне 80%, 500г",https://online.metro-cc.ru/products/metro-chef-maskarpone-500-g,459,нет скидки,METRO CHEF
112947,"Сыр полутвердый Cheese Gallery Чеддер красный 50%, 200г",https://online.metro-cc.ru/products/syr-polutverdyj-cheese-gallery-cheddar-krasnyj-50-200g,283,209,CHEESE GALLERY
644206,"METRO Chef Сыр с голубой плесенью, 400г",https://online.metro-cc.ru/products/s-goluboj-metro-chef-400-g,699,нет скидки,METRO CHEF
621723,"METRO Chef Сыр Гауда 45%, ~1кг",https://online.metro-cc.ru/products/gauda-metro-chef-48-brusok-1-kg,919,нет скидки,METRO CHEF
448308,"Сыр плавленый Hochland Фетакса, 200г",https://online.metro-cc.ru/products/hochland-200g-bzmzh,159,нет скидки,HOCHLAND
621666,"METRO Chef Сыр Маасдам 45%, 500г",https://online.metro-cc.ru/products/metro-chef-maasdam-narezka-45-500g,749,нет скидки,METRO CHEF
621687,"METRO Chef Сыр Маасдам 45%, ~1кг",https://online.metro-cc.ru/products/metro-chef-maasdam-45-bez-soderzhaniya-molochnogo-zhira-1-kg,1 129,нет скидки,METRO CHEF
122601,"Продукт белково-жировой Alti Extra 50% для пиццы, ~2кг",https://online.metro-cc.ru/products/belkovo-zhirovoj-produkt-altimilk-extra-50-dlya-piccy-2-kg,482,нет скидки,ALTI
382570,"Сыр творожный Hochland сливочный 60%, 140г",https://online.metro-cc.ru/products/hochland-140g-bzmzh,130,нет скидки,HOCHLAND
516315,"Сыр Natura cливочный полутвердый 45%, 200г",https://online.metro-cc.ru/products/natura-slivochnyj-200g-bzmzh,226,нет скидки,NATURA
621703,"METRO Chef Сыр Эдам 40%, 500г",https://online.metro-cc.ru/products/metro-chef-edam-narezka-40-500-g,529,нет скидки,METRO CHEF
124474,"Сыр Dolce Deluxe Пармезан твердый 34%, 200г",https://online.metro-cc.ru/products/200g-34-parmezan-dolce-deluxe-9m-bzmzh,389,нет скидки,DOLCE
119947,"METRO Chef Сыр Эдам 40%, 500г",https://online.metro-cc.ru/products/500g-40-edam-metro-chef-kusok-bzmzh,429,нет скидки,METRO CHEF
339785,"Продукт рассольный Сиртаки Original комбинированный для греческого салата 55%, 200г",https://online.metro-cc.ru/products/produkt-sirtaki-kombinirovannyj-smeshannogo-sostava-dlya-grecheskogo-salata-200g-bzmzh,124,нет скидки,СИРТАКИ
19688,"Сыр Galbani Моцарелла 45%, 125г",https://online.metro-cc.ru/products/mocarella-galbani-125g-bzmzh,185,нет скидки,GALBANI
132600,"Сыр творожный Almette с зеленью 60%, 150г",https://online.metro-cc.ru/products/tvorozhnyj-almette-s-zelenyu-60-150g-bzmzh,129,нет скидки,ALMETTE
621668,"METRO Chef Сыр Чеддар красный 50%, 500г",https://online.metro-cc.ru/products/metro-chef-cheddar-krasnyj-narezka-50-500g,629,нет скидки,METRO CHEF
81435,"Сыр творожный Виолетта Violette Cream cheese сливочный 70%, 180г",https://online.metro-cc.ru/products/violette-70-180-g,139,нет скидки,ВИОЛЕТТА
621688,"METRO Chef Сыр Тильзитер 45%, ~1кг",https://online.metro-cc.ru/products/metro-chef-tilziter-45,949,нет скидки,METRO CHEF
658962,"Сыр President Камамбер 50%, 125г",https://online.metro-cc.ru/products/president-kamamber-zhest-50-125g-bzmzh,329,нет скидки,PRESIDENT
111786,"METRO Chef Сыр Маскарпоне 80%, 250г",https://online.metro-cc.ru/products/metro-chef-maskorpone-80-250g,262,нет скидки,METRO CHEF
111787,"METRO Chef Сыр с голубой плесенью 50%, 100г",https://online.metro-cc.ru/products/metro-chef-s-goluboj-50-100g,189,нет скидки,METRO CHEF
424990,"Сыр Mlekara Sabac Сербская брынза мягкий 45%, 250г",https://online.metro-cc.ru/products/mlekara-sabac-serbskaya-myagkij-45-250-g-bzmzh,239,нет скидки,MLEKARA SABAC
105441,"Сыр Cheese Gallery Гауда кусок 45%, 200г",https://online.metro-cc.ru/products/cheese-gallery-gauda-kusok-200g,254,189,CHEESE GALLERY
643530,"Сыр Брест-Литовск 45%, 200г",https://online.metro-cc.ru/products/brest-litovsk-45-200g-bzmzh,209,нет скидки,БРЕСТ-ЛИТОВСК
621721,"METRO Chef Сыр Гауда тертый 48%, 500г",https://online.metro-cc.ru/products/metro-chef-gauda-tertyj-48-500-g,459,нет скидки,METRO CHEF
621722,"METRO Chef Сыр Моцарелла 40% тертый, 500г",https://online.metro-cc.ru/products/metro-chef-mocarella-40-tertyj-500-g,439,нет скидки,METRO CHEF
621670,"METRO Chef Сыр Гауда 48%, 1кг",https://online.metro-cc.ru/products/gauda-narezka-48-metro-chef-1-kg,1 179,нет скидки,METRO CHEF
118312,"METRO Chef Сыр тертый для макарон 45%, 500г",https://online.metro-cc.ru/products/500g-50-tyortyj-d-makaron-metro-chef-bzmzh,429,нет скидки,METRO CHEF
93977,"Сыр Cheese Gallery Маасдам полутвердый кусок 45%, 180г",https://online.metro-cc.ru/products/cheese-gallery-maasdam-45-kusok-180-g-bzmzh,329,229,CHEESE GALLERY
666855,"Сыр Galbani Страчателла, 250г",https://online.metro-cc.ru/products/galbani-strachatella-250g,509,нет скидки,GALBANI
564848,"Сыр Unagrande Professionale Кремчиз сливочный 70%, 500г",https://online.metro-cc.ru/products/kremchiz-unagrande-professionale-70-500-g,579,449,UNAGRANDE
589172,"Сыр Le Superbe Cheddar полутвердый 50%, ~1.8кг",https://online.metro-cc.ru/products/lustenberger-cheddar-15kg-bzmzh,2 509,нет скидки,LE SUPERBE
44418,"Сыр Предгорье Кавказа Адыгейский легкий 30%, 300г",https://online.metro-cc.ru/products/predgorye-adygejskij-legkij-300-g,289,нет скидки,ПРЕДГОРЬЕ КАВКАЗА
204111,"Сыр Viola Маасдам кусок 45%, 220г",https://online.metro-cc.ru/products/220g-syr-45-viola-maasdam-kusok-bzmzh,329,нет скидки,VIOLA
214937,"Сыр Natura cливочный полутвердый 45%, 1кг",https://online.metro-cc.ru/products/1kg-syr-slivochnyy-45-natura-bzmzh,919,нет скидки,NATURA
589185,"Сыр Le Superbe Cheddar твердый 50%, 200г",https://online.metro-cc.ru/products/le-superbe-chedder-200-g,559,нет скидки,LE SUPERBE
622810,"Сыр President Чеддер плавленый ломтики 40%, 150г",https://online.metro-cc.ru/products/president-chedder-40-lomtikami-150g-bzmzh,134,99,PRESIDENT
544452,"Сыр Pretto Маскарпоне мягкий 80%, 500г",https://online.metro-cc.ru/products/myagkij-maskarpone-pretto-80-500-g,499,нет скидки,PRETTO
203768,"Сыр Viola российский нарезка 50%, 270г",https://online.metro-cc.ru/products/270g-syr-50-viola-rossiyskiy-narezka-bzmzh,369,нет скидки,VIOLA
516188,"Сыр Bonfesto Маскарпоне мягкий 78%, 250г",https://online.metro-cc.ru/products/maskarpone-bonfesto-78-250-g-bzmzh,292,нет скидки,BONFESTO
206435,"Сыр Laime Пармезан Gold твердый 40% 12 месяцев, 180г",https://online.metro-cc.ru/products/180g-syr-parmezan-40-laime-gold-vyderzh-ot-12-m-bzmzh,389,нет скидки,LAIME
204097,"Сыр Laplandia сливочный нарезка 45%, 250г",https://online.metro-cc.ru/products/250g-syr-45-laplandia-slivochnyy-narezka-bzmzh,399,259,LAPLANDIA
518582,"Сыр Bonfesto Маскарпоне мягкий 78%, 500г",https://online.metro-cc.ru/products/maskarpone-bonfesto-78-500-g-bzmzh,499,нет скидки,BONFESTO
204105,"Сыр Laplandia сливочный тертый 45%, 150г",https://online.metro-cc.ru/products/150g-syr-45-laplandia-slivochnyy-tertyy-bzmzh,202,149,LAPLANDIA
122602,"Сыр Alti Mozzarella Gourmet для пиццы 40%, ~2кг",https://online.metro-cc.ru/products/dlya-piccy-alti-mozzarella-gourmet-40-2-kg,669,нет скидки,ALTI
110756,"METRO Chef Сыр Камамбер 50%, 125г",https://online.metro-cc.ru/products/metro-chef-kamamber-50-125g,229,нет скидки,METRO CHEF
574154,"Сыр Laime Пармезан твердый 6 месяцев созревания 40%, 175г",https://online.metro-cc.ru/products/laime-parmezan-40-175-g-bzmzh,429,389,LAIME
519091,"Сыр Карлов двор Гауда полутвердый, ~1.5кг",https://online.metro-cc.ru/products/karlov-dvor-gauda-15kg-bzmzh,909,719,КАРЛОВ ДВОР
643527,"Сыр Брест-Литовск Сливочный 50%, 200г",https://online.metro-cc.ru/products/brest-litovsk-slivochnyj-50-200g,209,нет скидки,БРЕСТ-ЛИТОВСК
225276,"Сыр творожный President сливочный 56%, 140г",https://online.metro-cc.ru/products/140g-syr-tvorozhnyy-56-president-slivochnyy-bzmzh,116,84,PRESIDENT
516247,"Сыр Dolce Granto Пармезан твердый 40%, ~200г",https://online.metro-cc.ru/products/dolce-parmezan-300g-bzmzh,1 899,нет скидки,DOLCE
132383,"Сыр плавленый 45% Карат дружба, 400г",https://online.metro-cc.ru/products/syr-plavlennyy-45-karat-druzhba-400g-bzmzh,209,169,КАРАТ
516327,"Сыр Сиртаки Classic рассольный для греческого салата, 200г",https://online.metro-cc.ru/products/sirtaki-slassic-dlya-grecheskogo-salata-200-g-bzmzh,143,нет скидки,СИРТАКИ
526322,"Сыр Galbani Маскарпоне, 500г",https://online.metro-cc.ru/products/galbani-maskarpone-500g-bzmzh,799,нет скидки,GALBANI
561793,"Сыр плавленый Viola сливочный, 200г",https://online.metro-cc.ru/products/viola-slivochnyj-200-g-bzmzh,185,119,VIOLA
105785,"Сыр Белебеевский Купеческий 52%, 190г",https://online.metro-cc.ru/products/bmk-kupecheskij-52-190g,229,169,БЕЛЕБЕЕВСКИЙ
639884,"Сыр La Paulina Чеддер 48%, 200г",https://online.metro-cc.ru/products/chedder-48-la-paulina-200g,259,нет скидки,LA PAULINA
121162,"Сыр Natura cливочный легкий полутвердый 16%, 200г",https://online.metro-cc.ru/products/200g-30-natura-slivochnyj-legkij-bzmzh,246,нет скидки,NATURA
567734,"Сыр Тревиль нуар Камамбер мягкий 45%, 130г",https://online.metro-cc.ru/products/kamamber-trevil-nuar-130g-bzmzh,269,219,ТРЕВИЛЬ
133362,"Сыр Брест-Литовск Гауда 45%, 200г",https://online.metro-cc.ru/products/syr-gauda-brest-litovs-45-200g-bzmzh,219,нет скидки,БРЕСТ-ЛИТОВСК
136096,"Сыр пармезан Laime 40%, 185г",https://online.metro-cc.ru/products/185g-syr-parmezan-laime-40-bzmzh,389,нет скидки,LAIME
626012,"Сыр Pretto Чильеджина Моцарелла в воде 45%, 100г",https://online.metro-cc.ru/products/art_626012,109,нет скидки,PRETTO
130364,"Сыр легкий Тысяча озёр нарезка 15%, 125г",https://online.metro-cc.ru/products/125g-15-legkij-tysyacha-ozyor-nar-bzmzh,157,нет скидки,ТЫСЯЧА ОЗЁР
531453,"Сыр Предгорье Кавказа Чечил-спагетти 45%, 110г",https://online.metro-cc.ru/products/predgorye-kavkaza-chechil-spagetti-45-110-g-bzmzh,193,119,ПРЕДГОРЬЕ КАВКАЗА
132384,"Сыр творожный 70% Виолетта сливочный, 140г",https://online.metro-cc.ru/products/syr-tvorozhnyy-70-violetta-slivochnyy-140g-bzmzh,107,89,ВИОЛЕТТА
201941,"Сыр Blue Delice голубая плесень 50%, 100г",https://online.metro-cc.ru/products/100g-syr-50-bluedelice-golubaya-plesen-bzmzh,249,нет скидки,BLUE DELICE
211829,"Сыр Bonfesto творожный 70%, 400г",https://online.metro-cc.ru/products/400g-syr-tvorozhnyy-70-bonfesto-bzmzh,287,нет скидки,BONFESTO
133361,"Сыр Тильзитер Брест-Литовск 45%, 200г",https://online.metro-cc.ru/products/syr-tilziter-brest-litovsk-45-200g-bzmzh,219,нет скидки,БРЕСТ-ЛИТОВСК
132386,"Сыр творожный 70% Виолетта зелень, 140г",https://online.metro-cc.ru/products/syr-tvorozhnyy-70-violetta-zelen-140g-bzmzh,107,89,ВИОЛЕТТА
61548,"Сыр President Бри, 125г",https://online.metro-cc.ru/products/art_61548,349,нет скидки,PRESIDENT
88557,"Сыр плавленый President сливочный 45%, 200г",https://online.metro-cc.ru/products/slivochnyj-president-45-200g-bzmzh,169,139,PRESIDENT
458371,"Сыр Город сыра копченый колбасный 40%, 150г",https://online.metro-cc.ru/products/kolbasnyj-kopchenyj-gorod-150g-bzmzh,116,79,ГОРОД СЫРА
621690,"METRO Chef Сыр Чеддар красный полутвердый 50%, ~1кг",https://online.metro-cc.ru/products/cheddar-metro-chef-krasnyj-50-1-kg,1 089,нет скидки,METRO CHEF
87386,"Сыр Киприно Алтайский 50%, ~1.5кг",https://online.metro-cc.ru/products/altajskij-kiprino-50-15kg-bzmzh,1 219,нет скидки,КИПРИНО
622806,"Сыр President Чизбургер плавленый ломтики 40%, 150г",https://online.metro-cc.ru/products/president-chizburger-40-lomtikami-150g-bzmzh,134,99,PRESIDENT
632087,"Сыр Cheese Gallery Пармезан тертый хлопья 32%, 100г",https://online.metro-cc.ru/products/cheese-gallery-parmesan-flakes-100g,229,нет скидки,CHEESE GALLERY
119889,"METRO Chef Сыр Маасдам 45%, 150г",https://online.metro-cc.ru/products/150g-45-maasdam-metro-chef-narezka-bzmzh,239,нет скидки,METRO CHEF
109864,"Сыр Карлов двор Козий полутвердый 45%, ~1.6кг",https://online.metro-cc.ru/products/karlov-dvor-45-16kg,1 249,899,КАРЛОВ ДВОР
54369,"Сыр Киприно Швейцарский твердый 50%, ~1кг",https://online.metro-cc.ru/products/art_54369,1 199,1 099,КИПРИНО
627947,"METRO Chef Сыр Маскарпоне, 1.15кг",https://online.metro-cc.ru/products/metro-chef-maskarpone-115-g,899,нет скидки,METRO CHEF
663492,"Сыр Le Superbe Swiss Gourmet для фондю полутвердый 40%, 400г",https://online.metro-cc.ru/products/molokosoderzhaschij-produkt-lesuperbe-dlya-prigotovleniya-syrnogo-sousa-fondyu-400g,1 109,нет скидки,LE SUPERBE
132378,"Сыр Карат Дружба плавленый 55%, 90г",https://online.metro-cc.ru/products/syr-plavlennyy-45-karat-druzhba-brusok-400g-bzmzh,39,37,КАРАТ
119944,"METRO Chef Сыр козий 50%, 175г",https://online.metro-cc.ru/products/metro-chef-50-kusok-175-g-bzmzh,509,379,METRO CHEF
277076,"Сыр President Маасдам плавленый, 150г",https://online.metro-cc.ru/products/president-master-buterbrodov-maazdam-150-g,134,99,PRESIDENT
206437,"Сыр Laime Пармезан Platinum твердый 40% 15 месяцев, 180г",https://online.metro-cc.ru/products/180g-syr-parmezan-40-laime-platinum-vyd-ot-15m-bzmzh,399,нет скидки,LAIME
621695,"METRO Chef Сыр Чеддар красный 50%, ~2.5кг",https://online.metro-cc.ru/products/metro-chef-cheddar-krasnyj-50-bez-soderzhaniya-molochnogo-zhira-25kg,988,нет скидки,METRO CHEF
119949,"METRO Chef Сыр легкий 30%, ~1кг",https://online.metro-cc.ru/products/1kg-30-legkij-metro-chef-bzmzh,1 049,нет скидки,METRO CHEF
119948,"METRO Chef Сыр Гауда 45%, 500г",https://online.metro-cc.ru/products/500g-48-gauda-metro-chef-kusok-bzmzh,519,нет скидки,METRO CHEF
98478,"METRO Chef Сыр Чеддер плавленый 45%, 738г",https://online.metro-cc.ru/products/metro-chef-chedder-45-bzmzh-738-g,609,нет скидки,METRO CHEF
101073,"Сыр Unagrande Ricotta из свежего молока мягкий 50%, 500г",https://online.metro-cc.ru/products/syr-myagkij-unagrande-ricotta-iz-svezhego-moloka-50-500g,409,249,UNAGRANDE
436267,"Сыр Galbani Буррата мягкий 50%, 200г",https://online.metro-cc.ru/products/mocarella-galbani-burrata-200g-bzmzh,469,нет скидки,GALBANI
111785,"METRO Chef Сыр Сливочный 50%, 500г",https://online.metro-cc.ru/products/metro-chef-500g,499,нет скидки,METRO CHEF
203763,"Сыр Viola голландский нарезка 45%, 120г",https://online.metro-cc.ru/products/120g-syr-45-viola-gollandskiy-narezka-bzmzh,179,139,VIOLA
536705,"Сыр Le Superbe Switzerland Swiss твердый 49%, 180г",https://online.metro-cc.ru/products/lesuperbe-shvejcarskij-49-180-g,429,нет скидки,LE SUPERBE
522268,"Сыр плавленый Viola сливочный 50%, 400г",https://online.metro-cc.ru/products/valio-viola-400-g-bzmzh,329,нет скидки,VIOLA
207701,"Сыр моцарелла Unagrande палочки 45%, 120г",https://online.metro-cc.ru/products/120g-syr-motsarella-45-unagrande-palochki-bzmzh,167,125,UNAGRANDE
426354,"Сыр Mlekara Sabac А ла Каймак мягкий 70%, 250г",https://online.metro-cc.ru/products/mlekara-sabac-a-la-kajmak-myagkij-70-250-g-bzmzh,219,нет скидки,MLEKARA SABAC
272898,"Сыр Предгорье Кавказа Чечил спагетти копченый 45%, 100г",https://online.metro-cc.ru/products/kopchenyj-predgorye-kavkaza-chechil-spagetti-100g-bzmzh,174,119,ПРЕДГОРЬЕ КАВКАЗА
612307,"Сыр Vitalat Камамбер мягкий с белой плесенью 45%, 125г",https://online.metro-cc.ru/products/vitalat-kamamber-45-125g-bzmzh,262,нет скидки,VITALAT
207486,"Тофу Сельский дом классический, 250г",https://online.metro-cc.ru/products/250g-tofu-selskiy-dom-klassicheskiy,129,109,СЕЛЬСКИЙ ДОМ
214974,"Сыр Кабош пармезан 50%, ~1кг",https://online.metro-cc.ru/products/1kg-syr-parmezan-50-kabosh-bzmzh,859,нет скидки,КАБОШ
277070,"Сыр плавленый President Сливочный, 150г",https://online.metro-cc.ru/products/president-master-buterbrodov-slivochnyj-150g-bzmzh,134,99,PRESIDENT
511282,"Сыр Брест-Литовск Классический полутвердый нарезка 45%, 150г",https://online.metro-cc.ru/products/brest-litovskoe-klassicheskij-45-narezka-150g-bzmzh,189,нет скидки,БРЕСТ-ЛИТОВСК
382571,"Сыр творожный Hochland с зеленью 60%, 140г",https://online.metro-cc.ru/products/hochland-s-zelenyu-140g-bzmzh,130,нет скидки,HOCHLAND
526311,"Сыр Galbani Маскарпоне Дукат мягкий 80%, 250г",https://online.metro-cc.ru/products/maskarpone-galbani-dukat-250-g-bzmzh,399,369,GALBANI
511294,"Сыр Bonfesto Моцарелла для пиццы 40%, 250г",https://online.metro-cc.ru/products/mocarella-bonfesto-dlya-piccy-45-250g-bzmzh,267,нет скидки,BONFESTO
578674,"Сыр Тревиль Бри с белой плесенью 45%, 120г",https://online.metro-cc.ru/products/trevil-bri-s-beloj-45-120g-bzmzh,234,199,ТРЕВИЛЬ
643528,"Сыр Брест-Литовск Легкий полутвердый 35%, 200г",https://online.metro-cc.ru/products/legkij-brest-litovsk-35-200g,209,нет скидки,БРЕСТ-ЛИТОВСК
134957,"Сыр плавленый Hochland сливочный с ветчиной 45%, 150г",https://online.metro-cc.ru/products/plavlenyj-hochland-slivochnyj-s-vetchinoj-45-150g-bzmzh,127,94,HOCHLAND
216926,"aro Сыр российский 50%, 200г",https://online.metro-cc.ru/products/200g-syr-rossiyskiy-50-aro-bzmzh,147,нет скидки,ARO
254050,"Сыр плавленый President сливочный, 400г",https://online.metro-cc.ru/products/president-slivochnyj-400-g-bzmzh,294,нет скидки,PRESIDENT
119951,"METRO Chef Сыр сливочный топленый молочный, ~1кг",https://online.metro-cc.ru/products/1kg-50-ross-sl-metro-chef-topl-mol-bzmzh,999,нет скидки,METRO CHEF
134941,"Сыр плавленый Hochland с грибами 55%, 400г",https://online.metro-cc.ru/products/plavlennyj-hochland-s-gribami-55-400g-bzmzh,289,нет скидки,HOCHLAND
105796,"Сыр Белебеевский Медовый 45%, 190г",https://online.metro-cc.ru/products/bmk-medovyj-45-190g,227,169,БЕЛЕБЕЕВСКИЙ
585074,"Сыр плавленый Карат с кусочками лесных грибов, 400г",https://online.metro-cc.ru/products/karat-s-gribami-400-g-bzmzh,245,159,КАРАТ
118501,"Набор сыров Depardieu Recommande Parmedjano Perfetto 45% + Parmedjano Eccellente 45% 250г x 2шт, 500г",https://online.metro-cc.ru/products/500g-n-syr-45-parmed-perfetto-24m-eccellente-36m-bzmzh,1 509,999,DEPARDIEU RECOMMANDE
396021,"Сыр творожный Almette с томатами по-итальянски 57%, 150г",https://online.metro-cc.ru/products/almette-s-tomatami-po-italyanski-150g-bzmzh,129,нет скидки,ALMETTE
132385,"Сыр творожный 70% Виолетта креветка, 140г",https://online.metro-cc.ru/products/syr-tvorozhnyy-70-violetta-krevetka-140g-bzmzh,107,89,ВИОЛЕТТА
117578,"Сыр Радость вкуса Топленое молочко 45%, 200г",https://online.metro-cc.ru/products/toplenoe-molochko-radost-vkusa-45-200g-bzmzh,217,нет скидки,РАДОСТЬ ВКУСА
116704,"METRO Chef Сыр для пиццы Моцарелла 45%, 370г",https://online.metro-cc.ru/products/dlya-piccy-mocarella-metro-chef-45-370g-bzmzh,339,нет скидки,METRO CHEF
573688,"Сыр плавленый Карат сливочный, 400г",https://online.metro-cc.ru/products/karat-slivochnyj-400g-bzmzh,245,169,КАРАТ
119943,"METRO Chef Сыр овечий 45%, 175г",https://online.metro-cc.ru/products/metro-chef-kusok-45-175-g-bzmzh,499,349,METRO CHEF
516326,"Сыр Сиртаки Classic рассольный для греческого салата, 330г",https://online.metro-cc.ru/products/sirtaki-classic-dlya-grecheskogo-salata-330-g-bzmzh,222,нет скидки,СИРТАКИ
599312,"Сыр Le Superbe Fior delle Alpi Lustenber твердый 50%, 200г",https://online.metro-cc.ru/products/lesuperbe-for-delle-alpi-200-g,829,нет скидки,LE SUPERBE
591767,"Сыр Le Superbe Le Gruyere полутвердый 50%, ~1.5кг",https://online.metro-cc.ru/products/lustenberger-le-gruyere-15kg-bzmzh,4 739,нет скидки,LE SUPERBE
90982,"Сыр-мусс творожный President Прованс сливочный, 120г",https://online.metro-cc.ru/products/president-120g-bzmzh,129,99,PRESIDENT
116244,"Тарелка сырная Cheese Gallery Special, 205г",https://online.metro-cc.ru/products/special-cheese-gallery-205g-bzmzh,699,нет скидки,CHEESE GALLERY
511281,"Сыр Брест-Литовск Легкий полутвердый нарезка 35%, 150г",https://online.metro-cc.ru/products/brest-litovskoe-legkij-35-narezka-150g-bzmzh,189,нет скидки,БРЕСТ-ЛИТОВСК
116686,"Сыр плавленый Карат с зеленью 45%, 90г",https://online.metro-cc.ru/products/karat-s-zelenyu-45-90-g-bzmzh,46,44,КАРАТ
589184,"Сыр Le Superbe Le Gruyere полутвердый 50%, 195г",https://online.metro-cc.ru/products/lustenberger-le-gruyere-195-g-bzmzh,829,нет скидки,LE SUPERBE
583783,"Сыр Milkana GrandBlu Creamy с голубой плесенью 56%, ~1.3кг",https://online.metro-cc.ru/products/milkana-grandblu-13kg-bzmzh,2 159,нет скидки,GRANDBLU
562046,"Сыр Bonfesto Cream Cheese Кремчиз мягкий 70%, 500г",https://online.metro-cc.ru/products/art_562046,389,нет скидки,BONFESTO
116701,"METRO Chef Сыр Рикотта 45%, 500г",https://online.metro-cc.ru/products/500g-syr-45-metro-chef-rikotta-bzmzh,284,нет скидки,METRO CHEF
130369,"Сыр сливочный Тысяча озёр нарезка 50%, 125г",https://online.metro-cc.ru/products/125g-50-slivochnyj-tysyacha-ozyor-nar-bzmzh,156,нет скидки,ТЫСЯЧА ОЗЁР
111530,"METRO Chef Сыр Российский 50%, 1кг",https://online.metro-cc.ru/products/50-rossijskij-metro-chef-narezka-1kg,1 169,нет скидки,METRO CHEF
32199,"Сыр Долголетие Чечил спагетти ассорти №1 45%, 150г",https://online.metro-cc.ru/products/chechil-spagetti-assorti-1-dolgoletie-45-150g,226,169,ДОЛГОЛЕТИЕ
63736,"Сыр Киприно Parmesan твердый, 200г",https://online.metro-cc.ru/products/kiprino-parmesan-bez-molochnyh-zamenitelej-zhirov-200-g,339,нет скидки,КИПРИНО
228225,"Сыр Эконива Шольбрунн полутвердый 50%, 200г",https://online.metro-cc.ru/products/200g-syr-polutverdyy-50-ekoniva-sholbrunn-bzmzh,169,119,ЭКОНИВА
133013,"Сыр Ларец с грецким орехом 50%, ~1кг",https://online.metro-cc.ru/products/syr-larets-s-gretskim-orehom-50-1kg-bzmzh,1 159,нет скидки,ЛАРЕЦ
117581,"Сыр Радость вкуса Легкий полутвердый 35%, 200г",https://online.metro-cc.ru/products/legkij-radost-vkusa-35-200g-bzmzh,189,нет скидки,РАДОСТЬ ВКУСА
531581,"Сыр творожный Виолетта Violette маринованные огурчики, 140г",https://online.metro-cc.ru/products/violette-s-ogurcami-zelenyu-140-g-bzmzh,107,89,ВИОЛЕТТА
327962,"Сыр Ламбер Тильзитер полутвердый нарезка 45%, 150г",https://online.metro-cc.ru/products/tilziter-narezka-lamber-150g-bzmzh,229,нет скидки,ЛАМБЕР
626013,"Сыр Pretto Фиор Ди Латте Моцарелла в воде 45%, 100г",https://online.metro-cc.ru/products/art_626013,113,нет скидки,PRETTO
626302,"Сыр Pretto Маскарпоне мягкий 80%, 250г",https://online.metro-cc.ru/products/myagkij-maskarpone-pretto-80-250-g,257,нет скидки,PRETTO
591774,"Сыр Le Superbe Sbrinz твердый 47%, ~1.4кг",https://online.metro-cc.ru/products/lustenberger-sbrinz-14kg-bzmzh,4 239,нет скидки,LE SUPERBE
585119,"Сыр плавленый Карат с кусочками ветчины, 400г",https://online.metro-cc.ru/products/karat-s-vetchinoj-400-g-bzmzh,245,169,КАРАТ
32200,"Сыр Долголетие Чечил спагетти ассорти №2 45%, 150г",https://online.metro-cc.ru/products/chechil-spagetti-assorti-2-dolgoletie-45-150g,226,169,ДОЛГОЛЕТИЕ
203772,"Сыр Viola чеддер нарезка 50%, 120г",https://online.metro-cc.ru/products/120g-syr-50-viola-chedder-narezka-bzmzh,249,189,VIOLA
115823,"Сыр Ларец с грецкими орехами нарезка 50%, 125г",https://online.metro-cc.ru/products/125g-syr-50-larec-grec-oreh-nar-bzmzh,207,нет скидки,ЛАРЕЦ
129716,"Сыр Whitecheese from Zhukovka Камамбер 50%, 125г",https://online.metro-cc.ru/products/125g-kamamber-50-zhukovka-bzmzh,255,нет скидки,WHITECHEESE FROM ZHUKOVKA
109119,"Сыр Тысяча озёр Лапландский полутвердый кусок 45%, 380г",https://online.metro-cc.ru/products/laplandskij-tysyacha-ozer-kusok-380g,389,нет скидки,ТЫСЯЧА ОЗЁР
621693,"METRO Chef Сыр Тильзитер 45%, ~2.5кг",https://online.metro-cc.ru/products/tilziter-45-metro-chef-vesovoj,823,нет скидки,METRO CHEF
116264,"Сыр President Mini Snack с красной плесенью 60%, 90г",https://online.metro-cc.ru/products/s-krasnoj-president-mini-snack-60-90g-bzmzh,309,219,PRESIDENT
659073,"Сыр Laime Пармезан твердый 9 месяцев созревания 40%, 125г",https://online.metro-cc.ru/products/hard-cheese-collection-parmezan-9-mesyacev-kolotyj-40-125g-bzmzh,429,309,LAIME
203757,"Сыр Viola тильзитер нарезка 45%, 120г",https://online.metro-cc.ru/products/120g-syr-45-viola-tilzit-narezka-bzmzh,186,169,VIOLA
666472,"Сыр плавленый Viola 4 сыра 50%, 200г",https://online.metro-cc.ru/products/viola-4-50-200g-bzmzh,185,119,VIOLA
133360,"Сыр Чеддер Брест-Литовск 45%, 200г",https://online.metro-cc.ru/products/syr-chedder-brest-litovsk-45-200g-bzmzh,267,нет скидки,БРЕСТ-ЛИТОВСК
214212,"Сыр Oldenburger чеддер красный 50%, ~3кг",https://online.metro-cc.ru/products/3kg-syr-50-chedder-krasnyy-oldenburger-bzmzh,809,нет скидки,OLDENBURGER
59179,"Сыр Умалат Сулугуни для хачапури 45%, 120г",https://online.metro-cc.ru/products/art_59179,124,нет скидки,УМАЛАТ
204109,"Сыр Viola голландский кусок 45%, 220г",https://online.metro-cc.ru/products/220g-syr-45-viola-gollandsky-kusok-bzmzh,279,нет скидки,VIOLA
113889,"METRO Chef Сыр чеддер 50%, 500г",https://online.metro-cc.ru/products/500g-syr-50-metro-chef-chedder-bzmzh,629,нет скидки,METRO CHEF
204102,"Сыр Laplandia копченый нарезка 45%, 130г",https://online.metro-cc.ru/products/130g-syr-45-laplandia-kopchenyy-narezka-bzmzh,253,179,LAPLANDIA
132380,"Сыр плавленый Карат для супа с луком 45%, 90г",https://online.metro-cc.ru/products/syr-plavlennyy-45-dlya-supa-s-lukom-90g-bzmzh,46,нет скидки,КАРАТ
591775,"Сыр Le Superbe Fior delle Alpi Lustenber твердый 50%, ~1.5кг",https://online.metro-cc.ru/products/lustenberger-fior-delle-alpi-15kg-bzmzh,3 719,нет скидки,LE SUPERBE
208847,"METRO Chef Сыр бри 50%, 1кг",https://online.metro-cc.ru/products/1kg-syr-bri-50-metro-chef-bzmzh,1 579,нет скидки,METRO CHEF
203770,"Сыр Laplandia сливочный нарезка 45%, 130г",https://online.metro-cc.ru/products/130g-syr-45-laplandia-slivochnyy-narezka-bzmzh,213,нет скидки,LAPLANDIA
626296,"Сыр Умалат Четук мягкий 45%, 370г",https://online.metro-cc.ru/products/art_626296,299,нет скидки,УМАЛАТ
662437,"Крем-сыр Dorblu a la creme с голубой плесенью 65%, 80г",https://online.metro-cc.ru/products/krem-dorblu-a-la-creme-s-goluboj-65-80g-bzmzh,179,нет скидки,DORBLU
611086,"METRO Chef Сыр Российский сливочный, 3кг",https://online.metro-cc.ru/products/metro-chef-rossijskij-slivochnyj-3-kg,669,нет скидки,METRO CHEF
532094,"Сыр Natura Тильзитер 45%, 250г",https://online.metro-cc.ru/products/arla-natura-tilziter-250-g-bzmzh,292,нет скидки,NATURA
215911,"Сыр Natura cливочный легкий полутвердый нарезка 16%, 150г",https://online.metro-cc.ru/products/150g-syr-legkiy-30-natura-narezka-bzmzh,227,нет скидки,NATURA
217687,"Сыр Боровский сыр косичка копченый 43%, 100г",https://online.metro-cc.ru/products/100g-syr-kosichka-43-borovskiy-kopchenyy-45-bzmzh,174,нет скидки,БОРОВСКИЙ СЫР
203767,"Сыр Viola гауда нарезка 45%, 120г",https://online.metro-cc.ru/products/120g-syr-45-viola-gauda-narezka-bzmzh,199,159,VIOLA
119942,"METRO Chef Сыр Гауда 48%, 150г",https://online.metro-cc.ru/products/150g-48-gauda-metro-chef-narezka-bzmzh,199,нет скидки,METRO CHEF
118482,"Сыр рассольный Луговая свежесть Сулугуни 45%, 200г",https://online.metro-cc.ru/products/200g-45-suluguni-lugovaya-svezhest-bzmzh,299,нет скидки,ЛУГОВАЯ СВЕЖЕСТЬ
132382,"Сыр Карат Янтарь плавленый 45%, 400г",https://online.metro-cc.ru/products/syr-plavlennyy-45-karat-yantar-400g-bzmzh,209,169,КАРАТ
621671,"METRO Chef Сыр Маасдам 45%, 1кг",https://online.metro-cc.ru/products/maasdam-narezka-45-metro-chef-1-kg,1 349,нет скидки,METRO CHEF
131018,"METRO Chef Сыр Халлуми рассольный 40%, 270г",https://online.metro-cc.ru/products/270g-syr-hallumi-40-metro-chef-rassoln-bzmzh,249,нет скидки,METRO CHEF
130368,"Сыр утренний Тысяча озёр нарезка 45%, 125г",https://online.metro-cc.ru/products/125g-45-utrennij-tysyacha-ozyor-nar-bzmzh,157,нет скидки,ТЫСЯЧА ОЗЁР
24264,"Сыр Le Superbe Le Gruyere полутвердый 50%, 150г",https://online.metro-cc.ru/products/art_24264,789,нет скидки,LE SUPERBE
346538,"Сыр плавленый Hochland Маасдам, 150г",https://online.metro-cc.ru/products/hochland-tostovyj-maasdam-150g-bzmzh,127,94,HOCHLAND
129715,"Сыр Whitecheese from Zhukovka Бри 60%, 125г",https://online.metro-cc.ru/products/125g-bri-60-zhukovka-bzmzh,294,нет скидки,WHITECHEESE FROM ZHUKOVKA
213133,"Сыр Кабош Kilt 45%, ~1кг",https://online.metro-cc.ru/products/1kg-syr-kilt-45-kabosh-bzmzh,1 359,нет скидки,КАБОШ
663054,"Сыр Tirolez Горгонзола 60%, 100г",https://online.metro-cc.ru/products/gorgonzola-tirolez-60-100g-bzmzh,284,нет скидки,TIROLEZ
509144,"Сыр Vitalat Scamorza 40%, 130г",https://online.metro-cc.ru/products/vitalat-skamorca-40-130g-bzmzh,172,нет скидки,VITALAT
63743,"Сыр Schonfeld Блю с голубой плесенью 54%, 100г",https://online.metro-cc.ru/products/schonfeld-s-goluboj-blue-100-g,265,нет скидки,SCHONFELD
663845,"Сыр President Крем де Блю, 125г",https://online.metro-cc.ru/products/president-creme-de-bleu-125g-bzmzh,202,134,PRESIDENT
528176,"Сыр Vitalat Perlini копченый 40%, 100г",https://online.metro-cc.ru/products/vitalat-perlini-kopchenyj-40-100g-bzmzh,175,нет скидки,VITALAT
609333,"Сыр Ларец с паприкой и перцем чили полутвердый 50%, ~1кг",https://online.metro-cc.ru/products/larec-s-paprikoj-percem-chili-1kg-bzmzh,999,нет скидки,ЛАРЕЦ
593263,"Сыр President Бри мягкий с белой плесенью 60%, 200г",https://online.metro-cc.ru/products/bri-president-myagkij-s-beloj-60-200-g-bzmzh,579,нет скидки,PRESIDENT
225640,"METRO Chef Сыр Чечил-спагетти копченый 45%, 500г",https://online.metro-cc.ru/products/500g-syr-chechil-spagetti-45-metro-chef-kopchenyy-bzmzh,589,нет скидки,METRO CHEF
134939,"Сыр плавленый Hochland с ветчиной 55%, 400г",https://online.metro-cc.ru/products/plavlennyj-hochland-s-vetchinoj-55-400g-bzmzh,289,нет скидки,HOCHLAND
663842,"Сыр плавленый President Creme De Brie, 125г",https://online.metro-cc.ru/products/president-creme-de-brie-125g-bzmzh,202,134,PRESIDENT
584285,"Сыр Bonfesto Рикотта 40%, 500г",https://online.metro-cc.ru/products/rikotta-bonfesto-40-500g-bzmzh,269,нет скидки,BONFESTO
216574,"Сыр Стародуб Гауда 45%, ~5.2кг",https://online.metro-cc.ru/products/52kg-syr-gauda-45-starodub-bzmzh,699,нет скидки,СТАРОДУБ
225149,"Сыр Эконива щучанский 50%, 200г",https://online.metro-cc.ru/products/200g-syr-50-ekoniva-schuchanskiy-bzmzh,176,нет скидки,ЭКОНИВА
653646,"METRO Chef Сыр сулугуни 45%, ~600г",https://online.metro-cc.ru/products/suluguni-45-metro-chef-vesovoj,979,нет скидки,METRO CHEF
134953,"Сыр плавленый Hochland Сэндвич 45%, 150г",https://online.metro-cc.ru/products/plavlenyj-hochland-sendvich-45-150g-bzmzh,127,94,HOCHLAND
621730,"METRO Chef Сыр Эдам 40%, ~2.5кг",https://online.metro-cc.ru/products/edam-40-metro-chef-vesovoj,779,нет скидки,METRO CHEF
612310,"Сыр Vitalat Бри мягкий с белой плесенью 60%, 125г",https://online.metro-cc.ru/products/vitalat-brie-60-125g-bzmzh,287,нет скидки,VITALAT
130897,"METRO Chef Сыр с пажитником 50%, ~1кг",https://online.metro-cc.ru/products/metro-chef-syr-s-pazhitnikom-50-1kg-bzmzh,919,нет скидки,METRO CHEF
226062,"Сыр мягкий Савушкин продукт Sveza Фета Нежная 45%, 250г",https://online.metro-cc.ru/products/250g-feta-nezhnaya-sveza-45-savushkin-produkt-bzmzh,194,нет скидки,САВУШКИН ПРОДУКТ
599762,"Сыр Le Superbe Diabolo Gourmet твердый 50%, 200г",https://online.metro-cc.ru/products/le-superbe-diabolo-gourmet-50-200g,759,нет скидки,LE SUPERBE
125539,"Сыр Эконива Дюрр твердый 50%, ~0.9кг",https://online.metro-cc.ru/products/50-dyurr-ekoniva-bzmzh-1-8kg,1 509,нет скидки,ЭКОНИВА
138036,"Сыр творожный Viola Сливочный 70%, 150г",https://online.metro-cc.ru/products/syr-tvorozhnyy-viola-slivochnyy-70-150g-bzmzh,119,нет скидки,VIOLA
70386,"Сыр Ламбер Сливочный полутвердый 55%, ~1кг",https://online.metro-cc.ru/products/lamber-slivochnyj-55-1kg-bzmzh,1 109,нет скидки,ЛАМБЕР
549453,"Сыр Le Superbe Swiss Parm твердый 47%, ~1кг",https://online.metro-cc.ru/products/swiss-parm-lustenberger-1kg-bzmzh,3 149,нет скидки,LE SUPERBE
134952,"Сыр плавленый Hochland сливочный 55%, 200г",https://online.metro-cc.ru/products/plavlennyj-hochland-slivochnyj-55-200g-bzmzh,169,нет скидки,HOCHLAND
557516,"Сыр Hochland Фетакса в рассоле мягкий 45%, 250г",https://online.metro-cc.ru/products/hochland-nezhnaya-klassicheskaya-200g-bzmzh,189,нет скидки,HOCHLAND
639498,"Сыр Le Superbe Grand Maurice твердый 45%, 150г",https://online.metro-cc.ru/products/le-superbe-grand-maurice-150g-bzmzh,549,нет скидки,LE SUPERBE
580550,"Сыр Предгорье Кавказа Бочонок сухой копченый 45%, 500г",https://online.metro-cc.ru/products/suhoj-predgorye-kavkaza-bochonok-kopchenyj-40-paket-500g-bzmzh,1 179,нет скидки,ПРЕДГОРЬЕ КАВКАЗА
94129,"METRO Chef Сыр с голубой плесенью 60%, ~1.3кг",https://online.metro-cc.ru/products/art_94129,1 499,нет скидки,METRO CHEF
608346,"Сыр Le Superbe Tete De Moine полутвердый 52%, ~1кг",https://online.metro-cc.ru/products/tet-de-muan-lesuperbe-bzmzh,4 359,нет скидки,LE SUPERBE
227428,"METRO Chef Сыр гауда 45%, 200г",https://online.metro-cc.ru/products/200g-syr-gauda-45-metro-chef-kusok-bzmzh,139,нет скидки,METRO CHEF
132381,"Сыр плавленый Карат для супа с грибами 45%, 90г",https://online.metro-cc.ru/products/syr-plavlennyy-45-dlya-supa-s-gribami-90g-bzmzh,46,нет скидки,КАРАТ
227593,"Сыр Viola Бутербродный 45%, 180г",https://online.metro-cc.ru/products/180g-syr-45-viola-buterbrodnyy-kusok-bzmzh,199,149,VIOLA
215909,"Сыр Natura Сливочный полутвердый нарезка 45%, 150г",https://online.metro-cc.ru/products/150g-syr-slivochnyy-45-natura-narezka-bzmzh,216,нет скидки,NATURA
125895,"Сыр Le Superbe Swiss Alpine cow полутвердый 48%, 150г",https://online.metro-cc.ru/products/lesuperb-alpijskaya-korova-48-150g,499,нет скидки,LE SUPERBE
94131,"METRO Chef Сыр Гойя твердый 40%, ~3кг",https://online.metro-cc.ru/products/art_94131,1 199,нет скидки,METRO CHEF
611256,Сыр плавленый Viola сливочный 130г,https://online.metro-cc.ru/products/viola-slivochnyj-bez-dobavok-130g-bzmzh,99,нет скидки,VIOLA
604657,"Сыр La Paulina Гойя 40%, ~300г",https://online.metro-cc.ru/products/la-paulina-gojya-40-350g-bzmzh,1 799,нет скидки,LA PAULINA
134955,"Сыр плавленый Hochland с ветчиной 45%, 150г",https://online.metro-cc.ru/products/plavlenyj-hochland-s-vetchinoj-45-150g-bzmzh,127,94,HOCHLAND
228040,"Продукт белково-жировой Senior Pizzaiolo для пиццы 45%, ~2кг",https://online.metro-cc.ru/products/2kg-produkt-belkovo-zhirovoy-45-senior-pizzaiolo-dlya-pitstsy,409,нет скидки,SENIOR PIZZAIOLO
219711,"Сыр Луговая свежесть Сулугуни 25%, ~700г",https://online.metro-cc.ru/products/suluguni-lugovaya-svezhest-25-700g-bzmzh,1 089,нет скидки,ЛУГОВАЯ СВЕЖЕСТЬ
598773,"Продукт сырный Порховский МСЗ Моцарелла Для пиццы, ~2кг",https://online.metro-cc.ru/products/art_598773,589,нет скидки,ПОРХОВСКИЙ МСЗ
608284,"Сыр Le Superbe Saint Christoph полутвердый 47%, 200г",https://online.metro-cc.ru/products/lustenberg-and-durst-le-superbe-christoph-200-g-bzmzh,659,нет скидки,LE SUPERBE
385716,"Сыр плавленый Viola Итальянское избранное, 130г",https://online.metro-cc.ru/products/viola-slivochnyj-italyanskoe-izbrannoe-130g-bzmzh,99,нет скидки,VIOLA
216582,"Сыр Стародуб сулугуни 45%, ~650г",https://online.metro-cc.ru/products/syr-starodub-suluguni-45-650g,639,нет скидки,СТАРОДУБ
667678,"Сыр плавленый Hochland сливочный, 150г",https://online.metro-cc.ru/products/hochland-klassicheskij-slivochnyj-150g,127,94,HOCHLAND
221860,"METRO Chef Сыр тильзитер кусок 45%, 200г",https://online.metro-cc.ru/products/200g-syr-tilziter-45-metro-chef-kusok-bzmzh,199,нет скидки,METRO CHEF
133703,"Сыр Эконива твердый Durr 6 месяцев выдержки 50%, 200г",https://online.metro-cc.ru/products/syr-ekoniva-tverdyy-durr-6-mesyatsev-vyderzhki-50-200g-bzmzh,359,нет скидки,ЭКОНИВА
593833,"Сыр Le Superbe Raclette Gourmet твердый 48%, 200г",https://online.metro-cc.ru/products/lustenberger-raclette-narezka-200g-bzmzh,769,нет скидки,LE SUPERBE
621702,"METRO Chef Сыр Эмменталер 45%, 500г",https://online.metro-cc.ru/products/metro-chef-emmentaler-45-narezka-500-g,779,599,METRO CHEF
101397,"Сыр Le Superbe Swisshard твердый 47%, 200г",https://online.metro-cc.ru/products/swisshard-le-superbe-200g-bzmzh,739,нет скидки,LE SUPERBE
385715,"Сыр плавленый Viola Финское избранное, 130г",https://online.metro-cc.ru/products/viola-slivochnyj-finskoe-izbrannoe-130g-bzmzh,99,нет скидки,VIOLA
117478,"Сыр Galbani Буррата мягкий 50%, 100г",https://online.metro-cc.ru/products/burrata-galbani-50-100g-bzmzh,227,нет скидки,GALBANI
225148,"Сыр Эконива колыбельский 45%, 200г",https://online.metro-cc.ru/products/200g-syr-45-ekoniva-kolybelskiy-bzmzh,182,нет скидки,ЭКОНИВА
544451,"Сыр Pretto Рикотта мягкий 45%, 500г",https://online.metro-cc.ru/products/myagkij-rikotta-pretto-45-500-g,299,нет скидки,PRETTO
122882,"METRO Chef Сыр Мраморный полутвердый, ~1кг",https://online.metro-cc.ru/products/1kg-45-metro-chef-mramornyj-brus-bzmzh,999,нет скидки,METRO CHEF
94127,"METRO Chef Сыр Гойя твердый 40%, 300г",https://online.metro-cc.ru/products/art_94127,479,нет скидки,METRO CHEF
215073,"aro Продукт молокосодержащий Российский новый 50%, ~2.6кг",https://online.metro-cc.ru/products/26-kg-molokosod-prod-rossiyskiy-novyy-50-aro,499,нет скидки,ARO
204096,"Сыр Viola бутербродный нарезка 45%, 200г",https://online.metro-cc.ru/products/200g-syr-45-viola-buterbrodnyy-narezka-bzmzh,259,нет скидки,VIOLA
227595,"Сыр Laplandia Emmental 45%, 180г",https://online.metro-cc.ru/products/180g-syr-emmental-45-laplandia-kusok-bzmzh,309,209,LAPLANDIA
221861,"METRO Chef Сыр тильзитер нарезка 45%, 150г",https://online.metro-cc.ru/products/150g-syr-tilziter-45-metro-chef-narezka-bzmzh,187,нет скидки,METRO CHEF
129703,"Сыр Whitecheese from Zhukovka Камамбер с черным трюфелем 50%, 125г",https://online.metro-cc.ru/products/kamamber-50-zhukovka-s-chernym-tryufelem-125g-bzmzh,339,нет скидки,WHITECHEESE FROM ZHUKOVKA
531397,"Сыр плавленый Карат шоколадный 30%, 230г",https://online.metro-cc.ru/products/karat-shokoladnyj-30-230-g-bzmzh,144,нет скидки,КАРАТ
120579,"Сыр плавленый Hochland Ассорти сливочный с беконом, 140г",https://online.metro-cc.ru/products/slivochnyj-hochland-assorti-s-bekonom-140g-bzmzh,125,94,HOCHLAND
359435,"Сыр President Брынза 45%, 250г",https://online.metro-cc.ru/products/president-48-250g-bzmzh,249,нет скидки,PRESIDENT
593496,"Сыр Киприно Тильзитер 50%, 250г",https://online.metro-cc.ru/products/tilziter-kiprino-250g-bzmzh,295,нет скидки,КИПРИНО
142646,"Сыр творожный Viola зелень-чеснок 66%, 150г",https://online.metro-cc.ru/products/150g-syr-tvorozhnyy-66-viola-zelenchesnok-bzmzh,119,нет скидки,VIOLA
96973,"Сыр President La Brique с белой плесенью мягкий 45%, 200г",https://online.metro-cc.ru/products/myagkij-president-s-beloj-la-brique-45-bzmzh-200-g,609,439,PRESIDENT
593831,"Сыр Le Superbe Emmentaler полутвердый 50%, 150г",https://online.metro-cc.ru/products/lustenberger-emmentaler-narezka-50-150-g-bzmzh,579,нет скидки,LE SUPERBE
220874,"Сыр плавленый President шоколадный 30%, 400г",https://online.metro-cc.ru/products/president-shokoladnyj-400-g-bzmzh,294,нет скидки,PRESIDENT
643745,"Сыр Kesidis Dairy Фета традиционная, 200г",https://online.metro-cc.ru/products/kesidis-dairy-v-u-200g-bzmzh,175,нет скидки,KESIDIS DAIRY
621694,"METRO Chef Сыр Чеддар 50%, ~2.5кг",https://online.metro-cc.ru/products/metro-chef-cheddar-50-25kg,988,нет скидки,METRO CHEF
226176,"Сыр Тысяча озёр Сливочный полутвердый 50%, 200г",https://online.metro-cc.ru/products/200g-syr-slivochnyy-50-tysyacha-ozyor-kusok-bzmzh,219,199,ТЫСЯЧА ОЗЁР
532870,"Сыр Cheese Gallery Лайт нарезка 20%, 150г",https://online.metro-cc.ru/products/cheese-gallery-light-narezka-20-150g-bzmzh,199,нет скидки,CHEESE GALLERY
87425,"Сыр Киприно Швейцарский Premium слайсы, 350г",https://online.metro-cc.ru/products/shvejcarskij-kiprino-premium-slajsy-350g-bzmzh,549,нет скидки,КИПРИНО
44359,"Сыр Jalo Kerma сливочный нарезка, 140г",https://online.metro-cc.ru/products/slivochnyj-jalo-kerma-140-g-v-narezke,179,нет скидки,JALO KERMA
94130,"METRO Chef Сыр Гойя твердый 40%, ~1кг",https://online.metro-cc.ru/products/art_94130,1 279,нет скидки,METRO CHEF
203769,"Сыр Viola голландский нарезка 45%, 270г",https://online.metro-cc.ru/products/270g-syr-45-viola-gollandskiy-narezka-bzmzh,349,нет скидки,VIOLA
226173,"Сыр Сиртаки Для Греческого Салата Сливочный рассольный 50%, 200г",https://online.metro-cc.ru/products/200g-syr-rassolnyy-50-sirtaki-slivochnyy-bzmzh,199,139,СИРТАКИ
212487,"Сыр Laime Маасдам нарезка 45%, 125г",https://online.metro-cc.ru/products/125g-syr-maasdam-45-laime-narezka-bzmzh,207,139,LAIME
213083,"Сыр Oldenburger тильзитер 50%, ~3кг",https://online.metro-cc.ru/products/3kg-syr-tilziter-50-oldenburger-bzmzh,729,нет скидки,OLDENBURGER
90979,"Сыр-мусс творожный President Прованс с прованскими травами, 120г",https://online.metro-cc.ru/products/president-travy-120g-bzmzh,129,99,PRESIDENT
103394,"Сыр Hochland Грюнландер полутвердый 50%, 150г",https://online.metro-cc.ru/products/hochland-gryunlander-narezka-50-150-g,239,нет скидки,HOCHLAND
227592,"Сыр Laplandia Emmental 45%, 120г",https://online.metro-cc.ru/products/120g-syr-emmental-45-laplandia-narezka-bzmzh,219,159,LAPLANDIA
486389,"Сыр Bonfesto Рикотта мягкий 40%, 250г",https://online.metro-cc.ru/products/rikotta-myagkij-bonfesto-40-250-g-bzmzh,172,нет скидки,BONFESTO
120596,"Сыр Columbus Маасдамер полутвердый нарезка 45%, 125г",https://online.metro-cc.ru/products/125g-45-maasdamer-columbus-narez-bzmzh,172,нет скидки,COLUMBUS
404662,"Сыр Pirpacchi Пармезан твердый тертый 32%, 500г",https://online.metro-cc.ru/products/parmezan-pirpacchi-tertyj-38-500g-bzmzh,1 199,нет скидки,PIRPACCHI
203760,"Сыр Viola российский нарезка 50%, 120г",https://online.metro-cc.ru/products/120g-syr-50-viola-rossiyskiy-narezka-bzmzh,182,169,VIOLA
88248,"Сыр плавленый President Бри 45%, 200г",https://online.metro-cc.ru/products/art_88248,169,139,PRESIDENT
221864,"METRO Chef Сыр российский нарезка 50%, 150г",https://online.metro-cc.ru/products/150g-syr-rossiyskiy-50-metro-chef-narezka-bzmzh,179,нет скидки,METRO CHEF
329082,"Сыр плавленый President с ветчиной, 150г",https://online.metro-cc.ru/products/president-master-buterbrodov-s-vetchinoj-150-g-bzmzh,134,99,PRESIDENT
60921,"Сыр Schonfeld Швейцарский Маасдам полутвердый нарезка 48%, 125г",https://online.metro-cc.ru/products/fasovannyj-schonfeld-swiss-maasdam-narezka-48-125g-bzmzh,299,нет скидки,SCHONFELD
95340,"Сыр Киприно Алтайский нарезка 50%, 125г",https://online.metro-cc.ru/products/altajskij-kiprino-50-125-g-narezka-bzmzh,196,нет скидки,КИПРИНО
137419,"Продукт сырный Стародуб Тильзитер 45%, ~5.2кг",https://online.metro-cc.ru/products/produkt-syrnyy-starodub-tilziter-45-52kg,469,нет скидки,СТАРОДУБ
44241,"Сыр Cooking Рикотта, 2.25кг",https://online.metro-cc.ru/products/rikotta-cooking-225kg-bzmzh,1 079,нет скидки,COOKING
222931,"Сыр Ларец с грецкими орехами кусок 50%, 245г",https://online.metro-cc.ru/products/245g-syr-50-larets-s-gretskimi-orehami-kusok-bzmzh,319,нет скидки,ЛАРЕЦ
560040,"Сыр Unagrande Маскарпоне мягкий 80%, 250г",https://online.metro-cc.ru/products/myagkij-maskarpone-unagrande-80-250-g,319,нет скидки,UNAGRANDE
589173,"Сыр НТЦ-XXI Моцарелла ностра 40%, ~1.4кг",https://online.metro-cc.ru/products/syr-mocarella-nostra-1-4kg,749,нет скидки,НТЦ-XXI
134959,"Сыр плавленый Hochland Ассорти с грибами 50%, 140г",https://online.metro-cc.ru/products/plavlennyj-hochland-assorti-s-gribami-50-140g-bzmzh,125,94,HOCHLAND
599444,"Продукт рассольный Сиртаки Original комбинированный для греческого салата 55%, 500г",https://online.metro-cc.ru/products/sirtaki-original-dlya-grecheskogo-salata-500g-bzmzh,279,нет скидки,СИРТАКИ
87417,"Сыр Киприно Алтайский Premium, 230г",https://online.metro-cc.ru/products/altajskij-kiprino-premium-230g-bzmzh,369,нет скидки,КИПРИНО
136305,"Сыр Labas Rytas твердый выдержанный Brandus 45%, ~1.3кг",https://online.metro-cc.ru/products/syr-labas-rytas-tverdyy-vyderzhannyy-brandus-45-13kg,1 419,1 199,LABAS RYTAS
135191,"Сыр плавленый Viola лисички 50%, 200г",https://online.metro-cc.ru/products/plavlennyj-viola-lisichki-50-200g-bzmzh,185,119,VIOLA
483601,"Сыр Galbani Буррата mini мягкий 50%, 125г",https://online.metro-cc.ru/products/burrata-galbani-mini-125g-bzmzh,349,нет скидки,GALBANI
204110,"Сыр Viola голландский кусок 45%, 350г",https://online.metro-cc.ru/products/350g-syr-45-viola-gollandskiy-kusok-bzmzh,399,нет скидки,VIOLA
134956,"Сыр плавленый Hochland с грибами 45%, 150г",https://online.metro-cc.ru/products/plavlenyj-hochland-s-gribami-45-150g-bzmzh,127,94,HOCHLAND
319689,"Сыр Тамбовский Сулугуни 45%, ~600г",https://online.metro-cc.ru/products/suluguni-tambovskij-45-600g-bzmzh,1 199,нет скидки,ТАМБОВСКИЙ
624016,"Сыр President Snack a la Francaise мягкий с белой плесенью 60%, 170г",https://online.metro-cc.ru/products/art_624016,509,нет скидки,PRESIDENT
106972,"Сыр Карат шоколадно-ореховый десертный плавленый 30%, 230г",https://online.metro-cc.ru/products/karat-shokoladno-orehovyj-desertnyj-30-230-g,144,нет скидки,КАРАТ
610975,"Сыр Предгорье Кавказа Чечил коса копченый, 180г",https://online.metro-cc.ru/products/chechil-predgorye-kavkaza-kosa-kopchenyj-180g-bzmzh,282,нет скидки,ПРЕДГОРЬЕ КАВКАЗА
90854,"Сыр Кабош Маасдам полутвердый 45%, 125г",https://online.metro-cc.ru/products/maasdam-kabosh-45-125g-bzmzh,182,нет скидки,КАБОШ
122606,"Сыр Cheese Gallery Эмменталер кусок 45%, 180г",https://online.metro-cc.ru/products/180g-45-sneese-gallery-emment-kus-bzmzh,279,нет скидки,CHEESE GALLERY
621692,"METRO Chef Сыр Маасдам 45%, ~2.5кг",https://online.metro-cc.ru/products/maasdam-45-metro-chef-vesovoj,878,нет скидки,METRO CHEF
621731,"METRO Chef Сыр Гауда 48%, ~2.5кг",https://online.metro-cc.ru/products/gauda-48-metro-chef-vesovoj,823,нет скидки,METRO CHEF
218902,"Сыр Sveza творожный воздушный сливочный 60%, 150г",https://online.metro-cc.ru/products/150g-syr-tvorozhnyy-60-sveza-vozdushnyy-slivoch-bzmzh,124,нет скидки,SVEZA
227574,"Сыр Laplandia Легкий 17%, 120г",https://online.metro-cc.ru/products/120g-syr-lyogkiy-17-laplandia-narezka-bzmzh,209,159,LAPLANDIA
204107,"Сыр Viola российский кусок 50%, 350г",https://online.metro-cc.ru/products/350g-syr-50-viola-rossiyskiy-kusok-bzmzh,409,нет скидки,VIOLA
118454,"Сыр Unagrande Кремчиз мягкий 70%, 200г",https://online.metro-cc.ru/products/200g-70-kremchiz-unagrande-bzmzh,239,нет скидки,UNAGRANDE
664570,"Сыр Ларец Три перца 50%, ~1кг",https://online.metro-cc.ru/products/50-tri-perca-larec-1kg-bzmzh,999,нет скидки,ЛАРЕЦ
482221,"Сыр Bonfesto Моцарелла mini мягкий 45%, 100г",https://online.metro-cc.ru/products/mocarella-bonfesto-mini-100g-bzmzh,125,нет скидки,BONFESTO
118518,"Сыр Schonfeld Тильзитер полутвердый нарезка 45%, 125г",https://online.metro-cc.ru/products/125g-45-tilziter-schonfeld-bzmzh,153,нет скидки,SCHONFELD
561791,"Сыр плавленый Viola с лисичками 50%, 400г",https://online.metro-cc.ru/products/valio-viola-s-lisichkami-400g-bzmzh,329,нет скидки,VIOLA
116723,"Сыр творожный Заботливая Хозяйка сливочный 60%, 1кг",https://online.metro-cc.ru/products/1kg-syr-60-zabotlivaya-hozyajka-tvorozhnyj-bzmzh,609,нет скидки,ЗАБОТЛИВАЯ ХОЗЯЙКА
79851,"Сыр Hochland Professional мягкий в рассоле 45%, 480г",https://online.metro-cc.ru/products/art_79851,299,нет скидки,HOCHLAND
93976,"Сыр Cheese Gallery Маасдам нарезка 45%, 125г",https://online.metro-cc.ru/products/cheese-gallery-maasdam-nareznoj-bez-zamenitelya-molochnogo-zhira-120-g,239,нет скидки,CHEESE GALLERY
93209,"METRO Chef Сыр Блю Чиз крошка 56%, 500г",https://online.metro-cc.ru/products/art_93209,999,нет скидки,METRO CHEF
115822,"Сыр Ларец полутвердый с чили и паприкой 50%, 125г",https://online.metro-cc.ru/products/125g-syr-50-larec-chili-paprika-nar-bzmzh,207,нет скидки,ЛАРЕЦ
254052,"Сыр плавленый President с грибами, 400г",https://online.metro-cc.ru/products/art_254052,294,нет скидки,PRESIDENT
406479,"Сыр Киприно Сливочный полутвердый 50%, ~1.5кг",https://online.metro-cc.ru/products/kiprino-slivochnyj-bzmzh,979,нет скидки,КИПРИНО
110259,"Сыр Unagrande Моцарелла безлактозный мягкий 45%, 280г",https://online.metro-cc.ru/products/mocarella-bezlaktoznyj-unagrande-45-280g-bzmzh,339,нет скидки,UNAGRANDE
254051,"Сыр плавленый President с ветчиной, 400г",https://online.metro-cc.ru/products/art_254051,294,нет скидки,PRESIDENT
68868,"METRO Chef Сыр Пармезан кусок 32%, ~1кг",https://online.metro-cc.ru/products/parmezan-32-metro-chef,1 619,нет скидки,METRO CHEF
228623,"Сыр Сваля легкий нарезка 35%, 150г",https://online.metro-cc.ru/products/150g-syr-legkiy-35-svalya-narezka-bzmzh,239,нет скидки,СВАЛЯ
95339,"Сыр Киприно Швейцарский нарезка 50%, 125г",https://online.metro-cc.ru/products/shvejcarskij-kiprino-50-125-g-narezka-bzmzh,189,нет скидки,КИПРИНО
98464,"Сыр La Paulina Чеддер полутвердый 48%, 400г",https://online.metro-cc.ru/products/la-paulina-chedder-48-bzmzh-400-g,509,нет скидки,LA PAULINA
216732,"Сыр Viola плавленный грибной жульен 35%, 400г",https://online.metro-cc.ru/products/syr-viola-plavlennyy-gribnoy-zhulen-35-400g,329,нет скидки,VIOLA
205327,"Сыр Киприно Советский 50%, 200г",https://online.metro-cc.ru/products/200g-syr-50-kiprino-sovetskiy-bzmzh,289,нет скидки,КИПРИНО
593834,"Сыр Le Superbe Sbrinz твердый 47%, 195г",https://online.metro-cc.ru/products/lustenberger-sbrinc-195-g-bzmzh,829,нет скидки,LE SUPERBE
208688,"Сыр Умалат брынза классический 45%, 200г",https://online.metro-cc.ru/products/200g-syr-brynza-45-umalat-klassicheskaya-bzmzh,197,нет скидки,УМАЛАТ
119940,"METRO Chef Сыр Пармезан сухой 32%, 100г",https://online.metro-cc.ru/products/metro-chef-parmezan-suhoj-32-100g-bzmzh,399,нет скидки,METRO CHEF
663844,"Сыр плавленый President Creme De Camembert, 125г",https://online.metro-cc.ru/products/president-creme-de-camembert-125g-bzmzh,202,134,PRESIDENT
211646,"Сыр Кабош Levenkaas 45%, 180г",https://online.metro-cc.ru/products/180g-syr-45-kabosh-levenkaas-bzmzh,329,нет скидки,КАБОШ
32228,"Сыр Долголетие Кавказский 45%, 300г",https://online.metro-cc.ru/products/dolgoletie-45-300g,292,229,ДОЛГОЛЕТИЕ
425298,"Сыр Mlekara Sabac Сербская брынза мягкий 45%, 1050г",https://online.metro-cc.ru/products/mlekara-sabac-serbskaya-950g-bzmzh,799,нет скидки,MLEKARA SABAC
526257,"Сыр Galbani Боккончини Моцарелла 45% 8 шариков по 25г, 200г",https://online.metro-cc.ru/products/galbani-mocarella-45-200g-8-sharikov-po-25g-bzmzh,309,нет скидки,GALBANI
117580,"Сыр Радость вкуса Львиное сердце 45%, 200г",https://online.metro-cc.ru/products/lvinoe-serdce-radost-vkusa-45-200g-bzmzh,209,нет скидки,РАДОСТЬ ВКУСА
225643,"METRO Chef Сыр Чечил-спагетти 45%, 500г",https://online.metro-cc.ru/products/500g-syr-chechil-spagetti-45-metro-chef-bzmzh,519,нет скидки,METRO CHEF
129255,"Сыр Сернурский СЗ Халумис 50%, 200г",https://online.metro-cc.ru/products/sernurskij-halumis-50-200g-bzmzh,279,нет скидки,СЕРНУРСКИЙ СЗ
88548,"Сыр Сваля полутвердый 45%, 400г",https://online.metro-cc.ru/products/fasovannyj-svalya-400g-bzmzh,499,нет скидки,СВАЛЯ
213553,"Сыр мягкий Natura Pro сливочный 65%, 2кг",https://online.metro-cc.ru/products/2kg-syr-myagkiy-65-natura-pro-slivochnyy-bzmzh,1 208,нет скидки,NATURA PRO
89378,"Сыр Сваля легкий фасованный, 200г",https://online.metro-cc.ru/products/svalya-legkij-fasovannyj-200g-bzmzh,249,нет скидки,СВАЛЯ
36834,"Сыр Galbani Моцарелла Tris 45%, 375г",https://online.metro-cc.ru/products/mocarella-galbani-tris-375g-bzmzh,499,нет скидки,GALBANI
436558,"Сыр Mlekara Sabac Каймак мягкий сливочный 70%, 2кг",https://online.metro-cc.ru/products/kajmak-sabao-ad-70-2kg-bzmzh,1 648,нет скидки,MLEKARA SABAC
110261,"Сыр Unagrande Моцарелла безлактозный мягкий 45%, 125г",https://online.metro-cc.ru/products/syr-mocarella-bezlaktoznyj-unagrande-45-125g-bzmzh,189,нет скидки,UNAGRANDE
134938,"Сыр плавленый Hochland с ветчиной 50%, 140г",https://online.metro-cc.ru/products/plavlennyj-hochland-s-vetchinoj-50-140g-bzmzh,125,94,HOCHLAND
106716,"Сыр творожный Виолетта шоколадный 50%, 140г",https://online.metro-cc.ru/products/violetta-50-shokoladnyj-140g,107,89,ВИОЛЕТТА
227461,"Сыр Schonfeld Маасдам полутвердый кусок 45%, 200г",https://online.metro-cc.ru/products/syr-schonfeld-maasdam-45-200g,293,нет скидки,SCHONFELD
215072,"aro Продукт молокосодержащий Гауда 45%, ~2.6кг",https://online.metro-cc.ru/products/26-kg-molokosoderzhaschiy-produkt-gauda-45-aro,499,нет скидки,ARO
204106,"Сыр Viola российский кусок 50%, 220г",https://online.metro-cc.ru/products/220g-syr-50-viola-rossiyskiy-kusok-bzmzh,289,нет скидки,VIOLA
221579,"METRO Chef Сыр чеддар швейцарский 50%, 200г",https://online.metro-cc.ru/products/200g-syr-cheddar-50-metro-chef-shveytsarskiy-bzmzh,479,нет скидки,METRO CHEF
643743,"Сыр Kesidis Dairy Фета со специями, 200г",https://online.metro-cc.ru/products/kesidis-dairy-so-speciyami-200g-bzmzh,175,нет скидки,KESIDIS DAIRY
44242,"Сыр Mlekara Sabac Mediteraneo Брынза с морской солью 25%, 250г",https://online.metro-cc.ru/products/mediteraneo-morskaya-sol-25-250g-bzmzh,196,нет скидки,MLEKARA SABAC
228619,"Сыр Schonfeld Гауда полутвердый нарезка 45%, 125г",https://online.metro-cc.ru/products/125g-syr-gauda-45-schonfeld-narezka-bzmzh,164,нет скидки,SCHONFELD
121042,"Сыр Schonfeld Пармезан твердый нарезка 50%, 125г",https://online.metro-cc.ru/products/125g-50-parmezan-schonfeld-bzmzh,237,нет скидки,SCHONFELD
134944,"Сыр плавленый Hochland с грибами 55%, 200г",https://online.metro-cc.ru/products/plavlennyj-hochland-s-gribami-55-200g-bzmzh,169,нет скидки,HOCHLAND
227594,"Сыр Laplandia Эдам 45%, 180г",https://online.metro-cc.ru/products/180g-syr-edam-45-laplandia-kusok-bzmzh,299,219,LAPLANDIA
576012,"Сыр плавленый Viola сливочный, 140г",https://online.metro-cc.ru/products/viola-slivochnyj-140g-bzmzh,111,нет скидки,VIOLA
211633,"Сыр Кабош Perla Di Latte Intensiva 50%, 180г",https://online.metro-cc.ru/products/180g-syr-50-kabosh-perla-di-latte-intensiva-bzmzh,389,259,КАБОШ
353268,"Сыр Предгорье Кавказа Балыковый копченый 45%, 130г",https://online.metro-cc.ru/products/balykovyj-kopchenyj-predgorye-kavkaza-130g-bzmzh,217,нет скидки,ПРЕДГОРЬЕ КАВКАЗА
146506,"Сыр Киприно Мастер полутвердый 50%, ~1.5кг",https://online.metro-cc.ru/products/master-kiprino-15kg-bzmzh,979,нет скидки,КИПРИНО
116245,"Тарелка сырная Cheese Gallery Gourmet, 205г",https://online.metro-cc.ru/products/gourmet-cheese-gallery-205g-bzmzh,689,нет скидки,CHEESE GALLERY
218276,"Сыр Карат плавленный сливочный слайсы 25%, 130г",https://online.metro-cc.ru/products/130g-syr-plavlenyy-25-karat-slivochnyy-slaysy-bzmzh,83,69,КАРАТ
116688,"Сыр плавленый Карат с белыми грибами 45%, 90г",https://online.metro-cc.ru/products/karat-s-belymi-gribami-45-90-g-bzmzh,51,47,КАРАТ
426353,"Сыр Mlekara Sabac А ла Каймак мягкий 70%, 150г",https://online.metro-cc.ru/products/mlekara-sabac-a-la-kajmak-myagkij-70-150-g-bzmzh,134,нет скидки,MLEKARA SABAC
218904,"Сыр Sveza творожный сливочный 60%, 150г",https://online.metro-cc.ru/products/150g-syr-tvorozhnyy-60-sveza-slivochnyy-bzmzh,114,нет скидки,SVEZA
329085,"Сыр President плавленый с грибами, 150г",https://online.metro-cc.ru/products/president-master-buterbrodov-s-gribami-150-g-bzmzh,134,99,PRESIDENT
657075,"Сыр Cheezi Terra del Gusto Горгонзола с голубой плесенью 60%, 100г",https://online.metro-cc.ru/products/cheezzi-terra-del-gusto-gorgonzola-s-goluboj-60-100g-bzmzh,309,нет скидки,CHEEZI
666835,"Сыр Burenka Club Бри Бланш мягкий с белой плесенью 50%, 125г",https://online.metro-cc.ru/products/burenka-club-bri-blansh-s-beloj-50-125-g,299,нет скидки,BURENKA CLUB
134943,"Сыр плавленый Hochland с ветчиной 55%, 200г",https://online.metro-cc.ru/products/plavlennyj-hochland-s-vetchinoj-55-200g-bzmzh,169,нет скидки,HOCHLAND
214931,"Сыр плавленый Карат Янтарь ломтиками 25%, 130г",https://online.metro-cc.ru/products/130g-syr-plavlenyy-yantar-25-karat-slaysy-bzmzh,74,нет скидки,КАРАТ
604286,"METRO Chef Сыр Пармезан хлопья 32%, 500г",https://online.metro-cc.ru/products/hlopya-parmezana-metro-chef-32-500-g-bzmzh,1 089,нет скидки,METRO CHEF
319688,"Сыр Предгорье Кавказа Адыгейский, ~800г",https://online.metro-cc.ru/products/adygejskij-predgorye-800g-bzmzh,909,нет скидки,ПРЕДГОРЬЕ КАВКАЗА
90740,"Сыр плавленый Viola Чеддер 60%, 140г",https://online.metro-cc.ru/products/slivochnyj-valio-viola-chetyre-60-140g-bzmzh,111,нет скидки,VIOLA
404767,"Сыр President сливочный, 300г",https://online.metro-cc.ru/products/slivochnyj-president-master-buterbroda-300-g-bzmzh,229,нет скидки,PRESIDENT
129708,"Тофу Veg's Шелковый, 160г",https://online.metro-cc.ru/products/tofu-veg-039s-shelkovyj-160g,137,нет скидки,VEG`S
68641,"Продукт плавленый Город сыра колбасный копченый 40%, ~800г",https://online.metro-cc.ru/products/gorod-kolbasnyj-kopchenyj-08-kg-bzmzh,164,нет скидки,ГОРОД СЫРА
211346,"Сыр Mozer Камамбертли с белой плесенью 50%, 100г",https://online.metro-cc.ru/products/100g-syr-s-beloy-plesenyu-kamambertli-50-mozer-bzmzh,215,нет скидки,MOZER
112948,"Сыр Cheese Gallery Чеддер полутвердый 50%, 200г",https://online.metro-cc.ru/products/syr-polutverdyj-cheese-gallery-cheddar-200g,267,нет скидки,CHEESE GALLERY
106715,"Сыр творожный Виолетта благородные грибы 70%, 140г",https://online.metro-cc.ru/products/art_106715,107,89,ВИОЛЕТТА
653647,"METRO Chef Сыр сулугуни копченый, ~600г",https://online.metro-cc.ru/products/suluguni-kopchenyj-bez-soderzhaniya-molochnogo-zhira-metro-chef-06-kg,1 019,нет скидки,METRO CHEF
221584,"METRO Chef Сыр твердый швейцарский 50%, 200г",https://online.metro-cc.ru/products/200g-syr-tverdyy-50-metro-chef-shveytsarskiy-bzmzh,539,нет скидки,METRO CHEF
412503,"Сыр Пак Н.Ю. Тофу Королевский соевый, 500г",https://online.metro-cc.ru/products/syr-soevyj-korolevskij-tofu-500g,229,нет скидки,ПАК Н.Ю.
218282,"Сыр Карат плавленный ассорти 25% круг, 130г",https://online.metro-cc.ru/products/130g-syr-plavlenyy-25-karat-assorti-krug-bzmzh,119,79,КАРАТ
132379,"Сыр плавленый 45% Карат Волна брусок, 90г",https://online.metro-cc.ru/products/syr-plavlennyy-45-karat-volna-brusok-90g-bzmzh,39,37,КАРАТ
553286,"Продукт сырный Порховский МСЗ копченый 40%, ~1.3кг",https://online.metro-cc.ru/products/produkt-40-porhovskij-msz-kopchenyj-13kg,239,нет скидки,ПОРХОВСКИЙ МСЗ
122607,"Сыр Cheese Gallery Лайт кусок 9%, 200г",https://online.metro-cc.ru/products/200g-9-sneese-gallery-lajt-kus-bzmzh,259,нет скидки,CHEESE GALLERY
552778,"Сыр Galbani Буррата с трюфелем мягкий 50%, 200г",https://online.metro-cc.ru/products/burrata-galbani-s-tryufelyami-200g-bzmzh,469,нет скидки,GALBANI
228622,"Сыр Сваля тильзитер 45%, 180г",https://online.metro-cc.ru/products/180g-syr-tilziter-45-svalya-bzmzh,245,нет скидки,СВАЛЯ
653645,"METRO Chef Сыр Адыгейский 45%, ~1.1кг",https://online.metro-cc.ru/products/adygejskij-45-metro-chef-vesovoj,829,нет скидки,METRO CHEF
140700,"Сыр Рикотта Unagrande 50%, 200г",https://online.metro-cc.ru/products/200g-syr-50-rikotta-unagrande-bzmzh,183,нет скидки,UNAGRANDE
43860,"Сыр Киприно Молочный полутвердый 50%, ~1кг",https://online.metro-cc.ru/products/molochnyj-kiprino-50-1kg-bzmzh,1 029,нет скидки,КИПРИНО
220092,"Сыр Columbus Тильзитер 45%, 125г",https://online.metro-cc.ru/products/125g-syr-45-tilziter-columbus-narezka-bzmzh,149,нет скидки,COLUMBUS
221863,"METRO Chef Сыр российский кусок 50%, 200г",https://online.metro-cc.ru/products/200g-syr-rossiyskiy-50-metro-chef-kusok-bzmzh,195,нет скидки,METRO CHEF
218279,"Сыр Карат плавленый с ветчиной слайсы 25%, 130г",https://online.metro-cc.ru/products/130g-syr-plavlenyy-25-karat-s-vetchinoy-slaysy-bzmzh,83,69,КАРАТ
228621,"Сыр Schonfeld Эдам полутвердый нарезка 45%, 125г",https://online.metro-cc.ru/products/125g-syr-edam-45-schonfeld-narezka-bzmzh,169,нет скидки,SCHONFELD
116706,"METRO Chef Сыр моцарелла Фиордилатт 45%, 125г",https://online.metro-cc.ru/products/125g-45-metro-chef-mocarella-fiordilatt-bzmzh,163,нет скидки,METRO CHEF
216424,"Сыр Менестрель трюфель полутвердый, 300г",https://online.metro-cc.ru/products/syr-menestrel-tryufel-polutverdyy-300g,1 079,нет скидки,МЕНЕСТРЕЛЬ
106714,"Сыр творожный Виолетта Лайт сливочный 60%, 160г",https://online.metro-cc.ru/products/art_106714,121,нет скидки,ВИОЛЕТТА
534752,"Сыр плавленый Hochland со Швейцарским сыром, 200г",https://online.metro-cc.ru/products/hochland-so-shvejcarskim-200g-bzmzh,169,нет скидки,HOCHLAND
208841,"Сыр Unagrande моцарелла чильеджина 45%, 125г",https://online.metro-cc.ru/products/125g-syr-motsarella-45-unagrande-chiledzhina-bzmzh,165,нет скидки,UNAGRANDE
213125,"Сыр Кабош Neerlander Gentle кусок 50%, 180г",https://online.metro-cc.ru/products/180g-syr-neerlander-gentle-50-kabosh-kusok-bzmzh,319,209,КАБОШ
116687,"Сыр плавленый Карат с лососем 45%, 90г",https://online.metro-cc.ru/products/karat-s-lososem-45-90-g-bzmzh,51,47,КАРАТ
663836,"Сыр творожный President Козий Chevre 65%, 140г",https://online.metro-cc.ru/products/kozij-president-140g-bzmzh,389,нет скидки,PRESIDENT
211645,"Сыр Кабош Levenkaas нарезка 45%, 125г",https://online.metro-cc.ru/products/125g-syr-45-kabosh-levenkaas-narezka-bzmzh,219,нет скидки,КАБОШ
231174,"METRO Chef Сыр алтайский 50%, 200г",https://online.metro-cc.ru/products/metro-chef-syr-altayskiy-50-200g,259,нет скидки,METRO CHEF
533064,"Сыр Cheese Gallery Чеддер белый 50%, 150г",https://online.metro-cc.ru/products/syr-cheese-gallery-chedder-beliy-50-150g,219,нет скидки,CHEESE GALLERY
593393,"Сыр Le Superbe Emmentaler полутвердый 50%, 195г",https://online.metro-cc.ru/products/lustenberger-emmentaler-195-g-bzmzh,699,нет скидки,LE SUPERBE
54359,"Сыр Picсante Galbani с голубой плесенью 62%, 125г",https://online.metro-cc.ru/products/s-goluboj-picsante-galbani-125g-bzmzh,369,нет скидки,GALBANI
217805,"Сыр Laime премиум 50%, 200г",https://online.metro-cc.ru/products/200g-syr-premium-50-laime-bzmzh,235,нет скидки,LAIME
562170,"Сыр Unagrande Качокавалло полутвердый 45%, 260г",https://online.metro-cc.ru/products/art_562170,349,нет скидки,UNAGRANDE
516187,"Сыр Bonfesto Моцарелла 1 шар 45%, 100г",https://online.metro-cc.ru/products/mocarella-bonfesto-45-1-shar-100g-bzmzh,134,нет скидки,BONFESTO
226207,"Сыр Киприно Гран-При твердый 50%, 150г",https://online.metro-cc.ru/products/150g-syr-gran-pri-50-kiprino-kusok-bzmzh,239,нет скидки,КИПРИНО
118143,"Сыр Умалат Кавказский мягкий 45%, 370г",https://online.metro-cc.ru/products/370g-45-kavkazskij-umalat-bzmzh,339,нет скидки,УМАЛАТ
663846,"Сыр плавленый President Классическая коллекция, 140г",https://online.metro-cc.ru/products/president-klassicheskaya-kollekciya-140g,123,нет скидки,PRESIDENT
120584,"Сыр плавленый Viola Колбаски гриль 50%, 400г",https://online.metro-cc.ru/products/400g-50-viola-kolbaski-gril-bzmzh,329,нет скидки,VIOLA
225644,"METRO Chef Сыр Чечил Коса копченый 45%, 540г",https://online.metro-cc.ru/products/540g-syr-chechil-kosa-45-metro-chef-kopchenyy-bzmzh,679,нет скидки,METRO CHEF
88183,"Сыр плавленый Карат сливочный 45%, 200г",https://online.metro-cc.ru/products/art_88183,116,94,КАРАТ
223257,"Сыр President Greco рассольный 45%, 250г",https://online.metro-cc.ru/products/250g-syr-rassolnyy-45-president-greco-bzmzh,209,нет скидки,PRESIDENT
120585,"Сыр плавленый Viola с креветками 35%, 400г",https://online.metro-cc.ru/products/400g-50-viola-s-krevetkami-bzmzh,329,нет скидки,VIOLA
135190,"Сыр плавленый Viola четыре сыра 50%, 400г",https://online.metro-cc.ru/products/plavlennyj-viola-chetyre-50-400g-bzmzh,329,нет скидки,VIOLA
32417,"Сыр Say Cheese Сырная тарелка №7, 185г",https://online.metro-cc.ru/products/saycheese-tarelka-7-185g-bzmzh,649,нет скидки,SAY CHEESE
655337,"Соус Ferore Инжир фруктово-пряный для сыра, 60г",https://online.metro-cc.ru/products/furore-inzhir-fruktovo-pryanyj-dlya-syra-60g,244,нет скидки,FERORE
21718,"Сыр плавленый President с грибами, 140г",https://online.metro-cc.ru/products/president-s-gribami-8-treugolnikov-140-g-bzmzh,123,нет скидки,PRESIDENT
216423,"Сыр Менестрель Аббатстсво полутвердый, 300г",https://online.metro-cc.ru/products/syr-menestrel-abbatstsvo-polutverdyy-300g,679,529,МЕНЕСТРЕЛЬ
122603,"Сыр Cheese Gallery Эмменталер нарезка 45%, 125г",https://online.metro-cc.ru/products/125g-45-sneese-gallery-emment-slajs-bzmzh,209,нет скидки,CHEESE GALLERY
666834,"Сыр Burenka Club Камамбер мягкий 50%, 125г",https://online.metro-cc.ru/products/kamamber-burenka-club-50-125g-bzmzh,299,нет скидки,BURENKA CLUB
213128,"Сыр Кабош Kilt нарезка 45%, 125г",https://online.metro-cc.ru/products/125g-syr-kilt-45-kabosh-narezka-bzmzh,239,нет скидки,КАБОШ
226199,"Сыр Киприно Вкусный завтрак полутвердый 50%, 180г",https://online.metro-cc.ru/products/180g-syr-50-kiprino-vkusnyy-zavtrak-kusok-bzmzh,189,нет скидки,КИПРИНО
227591,"Сыр Laplandia Эдам 45%, 120г",https://online.metro-cc.ru/products/120g-syr-edam-45-laplandia-narezka-bzmzh,229,149,LAPLANDIA
222933,"Сыр Ларец вкус топленого молока золотой 50%, 245г",https://online.metro-cc.ru/products/245g-syr-50-larets-zolotoy-vkus-toplyonogo-molok-bzmzh,299,289,ЛАРЕЦ
662686,"Сыр Cooking Рикотта мягкий 50%, 500г",https://online.metro-cc.ru/products/art_662686,259,нет скидки,COOKING
225501,"Сыр Natura selection Matured Havarti выдержанный 45%, 200г",https://online.metro-cc.ru/products/200g-syr-havarti-45-natura-selection-vyderzh-bzmzh,349,нет скидки,NATURA SELECTION
133309,"Сыр лапландский Тысяча озёр нарезка 45%, 150г",https://online.metro-cc.ru/products/laplandskij-tysyacha-ozer-narezka-45-150g-bzmzh,194,нет скидки,ТЫСЯЧА ОЗЁР
231175,"METRO Chef Сыр швейцарский 50%, 200г",https://online.metro-cc.ru/products/metro-chef-syr-shveytsarskiy-50-200g,259,нет скидки,METRO CHEF
106974,"Сыр Карат карамельный десертный плавленый 30%, 230г",https://online.metro-cc.ru/products/karat-karamelnyj-desertnyj-30-230-g,144,нет скидки,КАРАТ
105439,"Сыр Cheese Gallery Гауда нарезка 45%, 125г",https://online.metro-cc.ru/products/cheese-gallery-gauda-slajs-125g,219,нет скидки,CHEESE GALLERY
78119,"Сыр плавленый President Маасдам, 140г",https://online.metro-cc.ru/products/art_78119,123,нет скидки,PRESIDENT
214929,"Сыр плавленый Карат Дружба ломтиками 25%, 130г",https://online.metro-cc.ru/products/130g-syr-plavlenyy-druzhba-25-karat-slaysy-bzmzh,74,нет скидки,КАРАТ
72776,"Сыр плавленый President сливочный, 140г",https://online.metro-cc.ru/products/art_72776,123,нет скидки,PRESIDENT
465113,"Сыр плавленый Viola с белыми грибами, 130г",https://online.metro-cc.ru/products/viola-s-belymi-gribami-130-g-bzmzh,99,нет скидки,VIOLA
90978,"Сыр-мусс творожный President Прованс c грибами, 120г",https://online.metro-cc.ru/products/president-griby-120g-bzmzh,129,99,PRESIDENT
553284,"Сыр плавленый Аланталь копченый 40%, ~500г",https://online.metro-cc.ru/products/alantal-kopchenyj-40-500g,749,нет скидки,АЛАНТАЛЬ
210272,"Буррата Galbani со вкусом песто 50%, 200г",https://online.metro-cc.ru/products/200g-syr-burrata-50-galbani-so-vkusom-pesto-bzmzh,459,нет скидки,GALBANI
116689,"Сыр плавленый Карат с ветчиной 45%, 90г",https://online.metro-cc.ru/products/karat-s-vetchinoj-45-90-g-bzmzh,51,47,КАРАТ
213131,"Сыр Кабош легкий нарезка 30%, 125г",https://online.metro-cc.ru/products/125g-syr-legkiy-30-kabosh-narezka-bzmzh,189,нет скидки,КАБОШ
226167,"Сыр плавленый President Маасдам 45%, 400г",https://online.metro-cc.ru/products/400g-plavlenyy-syr-45-president-maasdam-bzmzh,229,нет скидки,PRESIDENT
214940,"Сыр Natura брынза 45%, 240г",https://online.metro-cc.ru/products/240g-syr-brynza-45-natura-bzmzh,229,нет скидки,NATURA
116705,"METRO Chef Сыр моцарелла Чильеджина 45%, 125г",https://online.metro-cc.ru/products/125g-45-metro-chef-mocarella-chilyedzhina-bzmzh,167,нет скидки,METRO CHEF
31763,"METRO Chef Сыр Сиртос мягкий 45%, 500г",https://online.metro-cc.ru/products/metro-chef-sirtos-myagkij-45-500-g,449,нет скидки,METRO CHEF
639965,"Продукт рассольный Сиртаки Original комбинированный для греческого салата, 1кг",https://online.metro-cc.ru/products/produkt-sirtaki-original-1kg,519,нет скидки,СИРТАКИ
208695,"Сыр Unagrande маскарпоне без лактозы 80%, 250г",https://online.metro-cc.ru/products/250g-syr-maskarpone-80-unagrande-bez-laktozy-bzmzh,389,нет скидки,UNAGRANDE
110173,"Сыр Schonfeld Швейцарский Чеддер полутвердый нарезка 53%, 125г",https://online.metro-cc.ru/products/syr-cheddar-schonfeld-narezka-53-125g-bzmzh,369,нет скидки,SCHONFELD
533062,"Сыр Cheese Gallery Чеддер красный 50%, 150г",https://online.metro-cc.ru/products/cheese-gallery-chedder-krasnyj-narezka-45-150g-bzmzh,224,нет скидки,CHEESE GALLERY
112949,"Сыр Cheese Gallery Parmegrino Гойя твердый 40%, 180г",https://online.metro-cc.ru/products/syr-tverdyj-cheese-gallery-parmegrino-gojya-40-180g,419,нет скидки,CHEESE GALLERY
104743,"Сыр Бонджорно Рикотта с шоколадом мягкий 30%, 200г",https://online.metro-cc.ru/products/syr-myagkij-bondzhorno-rikotta-s-shokoladom-30-200-g,194,нет скидки,БОНДЖОРНО
225487,"Сыр Natura selection White&Blue с голубой плесенью 60%, 125г",https://online.metro-cc.ru/products/125g-syr-whiteblue-60-natura-selection-s-plesenyu-bzmzh,389,нет скидки,NATURA SELECTION
228616,"Сыр Schonfeld Швейцарский Чиз полутвердый кусок 53%, 150г",https://online.metro-cc.ru/products/150g-syr-53-schonfeld-swiss-cheese-bzmzh,429,нет скидки,SCHONFELD
31810,"Сыр рассольный Moloko Group Буррата 50%, 150г",https://online.metro-cc.ru/products/moloko-group-burrata-150-g,339,нет скидки,MOLOKO GROUP
21714,"Сыр плавленый President с ветчиной, 140г",https://online.metro-cc.ru/products/president-s-vetchinoj-8-treugolnikov-140-g-bzmzh,123,нет скидки,PRESIDENT
211644,"Сыр Кабош Neerlander Gentle нарезка 50%, 125г",https://online.metro-cc.ru/products/125g-syr-50-kabosh-neerlander-gentle-nar-bzmzh,229,нет скидки,КАБОШ
135189,"Сыр плавленый Viola лосось 35%, 400г",https://online.metro-cc.ru/products/plavlennyj-viola-losos-35-400g-bzmzh,329,нет скидки,VIOLA
205851,"Сыр Burenka Club Creme Blue 60%, 125г",https://online.metro-cc.ru/products/125g-syr-60-burenkaclub-creme-blue-bzmzh,359,нет скидки,BURENKA CLUB
226597,"Сыр рассольный Natura Traditional 52.5%, 250г",https://online.metro-cc.ru/products/250g-syr-rassolnyy-525-natura-traditional-bzmzh,179,нет скидки,NATURA
88182,"Сыр плавленый Карат с кусочками ветчины, 200г",https://online.metro-cc.ru/products/art_88182,116,94,КАРАТ
216557,"Сыр Viola плавленный курочка гриль 35%, 400г",https://online.metro-cc.ru/products/400g-syr-plavlenyy-35-viola-kurochka-gril-bzmzh,329,нет скидки,VIOLA
136303,"Сыр Аланталь плавленый сливочный батончики 40%, 190г",https://online.metro-cc.ru/products/syr-atlantal-plavlennyy-slivochnyy-batonchiki-40-190g,169,нет скидки,АЛАНТАЛЬ
528064,"Сыр плавленый Valio Viola с беконом, 400г",https://online.metro-cc.ru/products/valio-viola-s-bekonom-400-g-bzmzh,329,нет скидки,VIOLA
662320,"Сыр Viola Четыре Сыра плавленый 45%, 130г",https://online.metro-cc.ru/products/valio-viola-chetyre-8-porcij-45-130g-bzmzh,99,нет скидки,VIOLA
137354,"Сыр плавленый Viola с лисичками нарезка 45%, 140г",https://online.metro-cc.ru/products/syr-plavlennyy-viola-s-lisichkami-narezka-45-140g-bzmzh,111,нет скидки,VIOLA
136302,"Сыр Аланталь плавленый копченый батончики 40%, 190г",https://online.metro-cc.ru/products/syr-atlantal-plavlennyy-kopchenyy-batonchiki-40-190g,169,нет скидки,АЛАНТАЛЬ
135188,"Сыр плавленый Viola копченый лосось 45%, 130г",https://online.metro-cc.ru/products/plavlennyj-viola-kopchenyj-losos-45-130g,99,нет скидки,VIOLA
44357,"Сыр Jalo Kerma Легкий нарезка 30%, 140г",https://online.metro-cc.ru/products/syr-jalo-kerma-legkij-30-fasovannyj-narezka-140-g,179,нет скидки,JALO KERMA
213127,"Сыр Кабош Kilt нарезка 45%, 180г",https://online.metro-cc.ru/products/180g-syr-kilt-45-kabosh-kusok-bzmzh,319,нет скидки,КАБОШ
136297,"Сыр Labas Rytas твердый выдержанный Brandus 45%, 200г",https://online.metro-cc.ru/products/syr-labas-rytas-tverdyy-vyderzhannyy-brandus-45-200g,309,нет скидки,LABAS RYTAS
213119,"Сыр Кабош Casa Brava кусок 50%, 180г",https://online.metro-cc.ru/products/180g-syr-casa-brava-50-kabosh-kusok-bzmzh,329,нет скидки,КАБОШ
76701,"Продукт сырный Green Idea пармезан веган кусок, 200г",https://online.metro-cc.ru/products/art_76701,309,нет скидки,GREEN IDEA
450116,"Сыр Пак Н.Ю. Тофу королевский с укропом, 500г",https://online.metro-cc.ru/products/syr-pak-nyu-tofu-korolevskij-s-ukropom-500g,254,нет скидки,ПАК Н.Ю.
95360,"Сыр растительный Green Idea Пармезан тертый на основе крахмала 26%, 200г",https://online.metro-cc.ru/products/rastitelnyj-parmezan-green-idea-26-200-g,294,нет скидки,GREEN IDEA
213130,"Сыр Кабош легкий кусок 30%, 180г",https://online.metro-cc.ru/products/180g-syr-legkiy-30-kabosh-kusok-bzmzh,256,нет скидки,КАБОШ
645915,"Сыр Coeur du nord Бюш молодой из козьего молока, 130г",https://online.metro-cc.ru/products/coeur-du-nord-byush-molodoj-130-g,253,нет скидки,COEUR DU NORD
216562,"Сыр Viola плавленный ветчина нарезка 45%, 140г",https://online.metro-cc.ru/products/140g-syr-plavlenyy-45-viola-vetchina-narezka-bzmzh,111,нет скидки,VIOLA
106722,"Сыр творожный Виолетта Лайт прованские травы 60%, 160г",https://online.metro-cc.ru/products/violetta-lajt-s-provanskimi-travami-60-160g,121,нет скидки,ВИОЛЕТТА
225494,"Сыр Natura selection Matured Havarti выдержанный 45%, 150г",https://online.metro-cc.ru/products/150g-syr-havarti-45-natura-selection-vyderzh-nar-bzmzh,284,нет скидки,NATURA SELECTION
645916,"Сыр Coeur du nord Бюш из козьего молока в прованских травах, 130г",https://online.metro-cc.ru/products/coeur-du-nord-byush-v-provanskih-travah-130-g,253,нет скидки,COEUR DU NORD
205852,"Сыр Burenka Club Ильфранс 50%, 120г",https://online.metro-cc.ru/products/120g-syr-50-burenkaclub-ilfrans-bzmzh,269,нет скидки,BURENKA CLUB
645912,"Сыр Coeur du nord Бюш из козьего молока в вяленых томатах, 130г",https://online.metro-cc.ru/products/coeur-du-nord-byush-v-vyalenyh-tomatah-130-g,253,нет скидки,COEUR DU NORD
203935,"Сыр Bergstolz Matterhorn 6 месяцев выдержки 50%, 100г",https://online.metro-cc.ru/products/100g-syr-50-bergstolz-matterhorn-6-mes-vyderzh-bzmzh,213,нет скидки,BERGSTOLZ
56260,"Сыр плавленый Viola Французское избранное 45%, 130г",https://online.metro-cc.ru/products/viola-francuzskoe-izbrannoe-45-130g-bzmzh,99,нет скидки,VIOLA
205853,"Сыр Burenka Club Goldblue 50%, 100г",https://online.metro-cc.ru/products/100g-syr-50-burenkaclub-goldblue-bzmzh,226,нет скидки,BURENKA CLUB
226962,"Сыр Карат плавленный сливочный с грибами 45%, 200г",https://online.metro-cc.ru/products/200g-syr-plavlenyy-45-karat-slivochnyy-s-gribami-bzmzh,116,94,КАРАТ
666824,"Сыр Burenka Club Сербский сливочный со спелым томатом и базиликом, 150г",https://online.metro-cc.ru/products/burenka-club-serbskij-tomat-150-g,110,нет скидки,BURENKA CLUB
211344,"Сыр Columbus Маасдам копченый нарезка 45%, 125г",https://online.metro-cc.ru/products/125g-syr-maasdam-45-columbus-kopchenyy-narezka-bzmzh,217,нет скидки,COLUMBUS
530840,"Сыр плавленый Аланталь копченый, 240г",https://online.metro-cc.ru/products/alantal-kopchenyj-240g-bzmzh,169,нет скидки,АЛАНТАЛЬ
90977,"Сыр-мусс творожный President Прованс c чесноком, 120г",https://online.metro-cc.ru/products/president-s-chesnokom-120g-bzmzh,129,99,PRESIDENT
136299,"Сыр Аланталь полутвердый традиционный брусок 50%, 200г",https://online.metro-cc.ru/products/syr-atlantal-polutverdyy-traditsionnyy-brusok-50-200g,219,199,АЛАНТАЛЬ
226180,"Сыр Тысяча озёр Утренний полутвердый 45%, 200г",https://online.metro-cc.ru/products/200g-syr-utrenniy-45-tysyacha-ozyor-kusok-bzmzh,219,199,ТЫСЯЧА ОЗЁР
136300,"Сыр Аланталь полутвердый сливочный брусок 45%, 200г",https://online.metro-cc.ru/products/syr-atlantal-polutverdyy-slivochnyy-brusok-45-200g,219,199,АЛАНТАЛЬ
208696,"Сыр Unagrande кремчиз без лактозы 70%, 140г",https://online.metro-cc.ru/products/140g-syr-kremchiz-70-unagrande-bez-laktozy-bzmzh,215,нет скидки,UNAGRANDE
136301,"Сыр Аланталь полутвердый мраморный брусок 45%, 200г",https://online.metro-cc.ru/products/syr-atlantal-polutverdyy-mramornyy-brusok-45-200g,219,199,АЛАНТАЛЬ
516186,"Сыр Bonfesto Моцарелла 5 шаров 45%, 125г",https://online.metro-cc.ru/products/mocarella-bonfesto-45-5-sharov-125g-bzmzh,157,нет скидки,BONFESTO
203415,"Сыр Карат плавленый кисломолочный, 90г",https://online.metro-cc.ru/products/90g-syr-plavlenyy-45-karat-kislomolochnyy-bzmzh,39,37,КАРАТ
208842,"Сыр Unagrande моцарелла фиор ди латте 45%, 125г",https://online.metro-cc.ru/products/125g-syr-motsarella-45-unagrande-fior-di-latte-bzmzh,157,нет скидки,UNAGRANDE
14603,"Сыр Карат Дружба плавленый 45%, 230г",https://online.metro-cc.ru/products/karat-druzhba-45-230-g,144,нет скидки,КАРАТ
14585,"Сыр Карат Янтарь плавленый 45%, 230г",https://online.metro-cc.ru/products/karat-yantar-45-230-g,144,нет скидки,КАРАТ
142648,"Сыр творожный Viola оливки-розмарин 68%, 150г",https://online.metro-cc.ru/products/150g-syr-tvorozhnyy-68-viola-olivkirozmarin-bzmzh,119,нет скидки,VIOLA
666473,"Сыр плавленый Viola Четыре сыра в ломтиках 45%, 140г",https://online.metro-cc.ru/products/viola-slivochnyj-45-lomtiki-140g,111,нет скидки,VIOLA
666827,"Сыр Burenka Club Сербский сливочный натуральный, 150г",https://online.metro-cc.ru/products/burenka-club-serbskij-150-g,110,нет скидки,BURENKA CLUB
591776,"Сыр Le Superbe Emmentaler полутвердый 50%, ~1кг",https://online.metro-cc.ru/products/lustenberger-le-superbe-1kg-bzmzh,3 359,нет скидки,LE SUPERBE
662409,"Сыр Coeur du nord Бюш мягкий из козьего молока в паприке, 130г",https://online.metro-cc.ru/products/coeur-du-nord-byush-v-paprike-iz-kozyego-moloka-130g-bzmzh,253,нет скидки,COEUR DU NORD
518581,"Сыр Bonfesto Моцарелла 1 шарик 45%, 125г",https://online.metro-cc.ru/products/bonfesto-mocarella-1-sharik-45-125-g-bzmzh,169,нет скидки,BONFESTO
234234,"Сыр рикотта Galbani козий 34%, 230г",https://online.metro-cc.ru/products/syr-rikotta-galbani-koziy-34-230g,349,нет скидки,GALBANI
662680,"Сыр Cooking Моцарелла Пицца полутвердый 42%, 2.6кг",https://online.metro-cc.ru/products/42-cooking-mocarella-picca-polutverdyj-2600g-bzmzh,1 749,нет скидки,COOKING
215076,"aro Продукт молокосодержащий сливочный 40%, 500г",https://online.metro-cc.ru/products/05-kg-molokosod-prod-slivochnyy-40-aro,174,нет скидки,ARO
120652,"Сыр творожный Экомилк 60%, 400г",https://online.metro-cc.ru/products/400g-60-ekomilk-bzmzh,219,нет скидки,ЭКОМИЛК
534735,"Сыр творожный Hochland сливочный 60%, 220г",https://online.metro-cc.ru/products/hochland-220g-bzmzh,162,139,HOCHLAND
76002,"Сыр Брест-Литовск Российский 50%, 200г",https://online.metro-cc.ru/products/art_76002,194,169,БРЕСТ-ЛИТОВСК
119941,"METRO Chef Сыр Пармезан тертый 33%, 150г",https://online.metro-cc.ru/products/metro-chef-parmezan-tertyj-33-150-g-bzmzh,253,199,METRO CHEF
564846,"Сыр Unagrande Professionale Маскарпоне мягкий 80%, 500г",https://online.metro-cc.ru/products/myagkij-maskarpone-unagrande-professionale-80-500-g,549,389,UNAGRANDE
125719,"Сыр Unagrande Моцарелла для пиццы 45%, 460г",https://online.metro-cc.ru/products/460g-mocarella-unagrande-d-piccy-bzmzh,579,379,UNAGRANDE
632053,"Сыр Cheese Gallery Пармезан твердый 32%, 175г",https://online.metro-cc.ru/products/cheese-gallery-selected-collection-parmezan-175g-bzmzh,339,249,CHEESE GALLERY
666858,"Сыр Bridel Blue Cheese с голубой плесенью 51%, 100г",https://online.metro-cc.ru/products/bridel-blue-cheese-s-goluboj-51-100g,299,189,BRIDEL
621725,"METRO Chef Сыр Эдам 40%, ~1кг",https://online.metro-cc.ru/products/edam-metro-chef-40-brusok-1-kg,789,нет скидки,METRO CHEF
13292,"Сыр Cooking Кремчиз мягкий 70%, 2.25кг",https://online.metro-cc.ru/products/cooking-kremchiz-225kg-bzmzh,1 129,нет скидки,COOKING
639888,"Сыр творожный President Professionnel Cream Cheese сливочный 65%, 2.2кг",https://online.metro-cc.ru/products/president-22kg-bzmzh,1 263,нет скидки,PRESIDENT PROFESSIONNEL
105794,"Сыр Белебеевский Российский 50%, 190г",https://online.metro-cc.ru/products/bmk-rossijskij-50-190g,229,169,БЕЛЕБЕЕВСКИЙ
13270,"Сыр Cooking Кремчиз мягкий 70%, 5.5кг",https://online.metro-cc.ru/products/cooking-kremchiz-55kg-bzmzh,2 739,нет скидки,COOKING
650351,"Сыр Hochland Cremette творожный 65%, 800г",https://online.metro-cc.ru/products/hochland-cremette-800g-bzmzh,549,нет скидки,HOCHLAND
134940,"Сыр плавленый Hochland сливочный 55%, 400г",https://online.metro-cc.ru/products/plavlennyj-hochland-slivochnyj-55-400g-bzmzh,289,нет скидки,HOCHLAND
632086,"Сыр Cheese Gallery Пармезан тертый гранулы 38%, 100г",https://online.metro-cc.ru/products/cheese-gallery-parmezan-38-tertyj-granuly-100g-bzmzh,219,нет скидки,CHEESE GALLERY
222939,"Сыр Oldenburger песто зеленый 50%, ~1кг",https://online.metro-cc.ru/products/1kg-syr-50-oldenburger-pesto-zelyonyy-bzmzh,1 109,789,OLDENBURGER
13289,"Сыр Cooking Кремчиз мягкий 70%, 11кг",https://online.metro-cc.ru/products/cooking-kremchiz-11kg-bzmzh,5 199,нет скидки,COOKING
134935,"Сыр плавленый Hochland Ассорти зеленое 45-50%, 140г",https://online.metro-cc.ru/products/plavlennyj-hochland-assorti-zelenoe-45-50-140g-bzmzh,125,94,HOCHLAND
105798,"Сыр Белебеевский МК 45%, 190г",https://online.metro-cc.ru/products/belebeevskij-45-190g,227,169,БЕЛЕБЕЕВСКИЙ
212494,"Сыр Laime Маасдам кусок 45%, 200г",https://online.metro-cc.ru/products/200g-syr-maasdam-45-laime-kusok-bzmzh,289,209,LAIME
88242,"Сыр Умалат Сулугуни палочки 45%, 120г",https://online.metro-cc.ru/products/suluguni-palochki-umalat-45-120-g,129,109,УМАЛАТ
213943,"Сыр Радость вкуса львиное сердце нарезка 45%, 125г",https://online.metro-cc.ru/products/125g-syr-lvinoe-serdtse-45-radost-vkusa-nar-bzmzh,157,нет скидки,РАДОСТЬ ВКУСА
343392,"Сыр творожный Hochland Cremette Professional 65%, 2кг",https://online.metro-cc.ru/products/hochland-cremette-professional-2kg-bzmzh,1 098,нет скидки,HOCHLAND
213080,"Сыр Hochland плавленый Бистро чеддер 45%, 1.107кг",https://online.metro-cc.ru/products/1107kg-syr-plavlennyy-45-hochland-prof-bistro-chedder-bzmzh,999,нет скидки,HOCHLAND
621733,"METRO Chef Сыр Эмменталер 45%, ~1кг",https://online.metro-cc.ru/products/emmentaler-metro-chef-45-brusok-1-kg,1 359,899,METRO CHEF
567733,"Сыр Тревиль Камамбер Классический с белой плесенью, 130г",https://online.metro-cc.ru/products/art_567733,239,199,ТРЕВИЛЬ
63737,"Сыр Киприно Пармезан твердый 34%, ~1кг",https://online.metro-cc.ru/products/kiprino-parmezan-bez-zamenitelya-molochnyh-zhirov-2-kg,1 579,1 169,КИПРИНО
591769,"Сыр Le Superbe Diabolo Gourmet твердый 50%, ~1.2кг",https://online.metro-cc.ru/products/lustenberger-diabolo-gourmet-50-12kg-bzmzh,3 429,нет скидки,LE SUPERBE
110477,"METRO Chef Сыр Грюйер 50%, ~400г",https://online.metro-cc.ru/products/gryujer-metro-chef-50-04-kg,4 159,нет скидки,METRO CHEF
368476,"Сыр Hochland Cremette творожный 65%, 10кг",https://online.metro-cc.ru/products/hochland-cremette-10kg-bzmzh,5 058,нет скидки,HOCHLAND
530731,"Сыр La Paulina Моцарелла 42%, ~3.3кг",https://online.metro-cc.ru/products/mocarella-la-paulina-41-35kg-bzmzh,839,нет скидки,LA PAULINA
103364,"Сыр Hochland Грюнландер полутвердый 50%, 400г",https://online.metro-cc.ru/products/hochland-gryunlander-50-400g,499,нет скидки,HOCHLAND
626299,"Сыр Pretto Рикотта мягкий 45%, 200г",https://online.metro-cc.ru/products/myagkij-rikotta-pretto-45-200-g,123,84,PRETTO
208846,"METRO Chef Сыр камамбер 50%, 1кг",https://online.metro-cc.ru/products/1kg-syr-kamamber-50-metro-chef-bzmzh,1 709,нет скидки,METRO CHEF
516316,"Сыр Natura cливочный полутвердый 45%, ~4кг",https://online.metro-cc.ru/products/natura-slivochnyj-45-4kg-bzmzh,939,нет скидки,NATURA
115964,"Сыр Pretto Моцарелла для пиццы 45%, 1.2кг",https://online.metro-cc.ru/products/1200g-syr-45-mocarella-d-piccy-pretto-bzmzh,939,нет скидки,PRETTO
217686,"Сыр Боровский сыр косичка 45%, 100г",https://online.metro-cc.ru/products/100g-syr-kosichka-45-borovskiy-bzmzh,157,нет скидки,БОРОВСКИЙ СЫР
139393,"Сыр Vitalat Bocconcini копченый 40%, 100г",https://online.metro-cc.ru/products/100g-syr-bokkonchini-40-vitalat-kopchenyy-bzmzh,142,нет скидки,VITALAT
599311,"Сыр Le Superbe Jura Montagne твердый 52%, 200г",https://online.metro-cc.ru/products/lustenberger-jura-montagne-200-g-bzmzh,779,нет скидки,LE SUPERBE
133121,"Сыр твердый Дюрр Эконива 12 месяцев выдержки, ~900г",https://online.metro-cc.ru/products/syr-tverdyy-dyurr-ekoniva-12-mesyatsev-vyderzhki-900g-bzmzh,2 309,нет скидки,ЭКОНИВА
517948,"Сыр Рокфорти Молодея с голубой плесенью 55%, ~2.6кг",https://online.metro-cc.ru/products/s-goluboj-rokforti-55-26kg-bzmzh,1 428,нет скидки,РОКФОРТИ МОЛОДЕЯ
591773,"Сыр Le Superbe Saint Christoph мягкий 47%, ~1.7кг",https://online.metro-cc.ru/products/lustenberger-saint-christoph-le-superbe-17kg-bzmzh,3 159,нет скидки,LE SUPERBE
650352,"Сыр Le Superbe Grand Maurice полутвердый 45%, ~1.5кг",https://online.metro-cc.ru/products/gran-moris-lesuperb-15kg-bzmzh,3 479,нет скидки,LE SUPERBE
589171,"Сыр Le Superbe Switzerland Swiss полутвердый 49%, ~1кг",https://online.metro-cc.ru/products/lustenberger-lesuperbe-shvejcarskij-3kg-bzmzh,2 279,нет скидки,LE SUPERBE
471248,"Сыр President Чечил белый соломка 40%, 150г",https://online.metro-cc.ru/products/chechil-president-belyj-solomka-40-100g-bzmzh,217,199,PRESIDENT
218396,"Моцарелла Pretto для пиццы-лазаньи-запекания 45%, 370г",https://online.metro-cc.ru/products/370g-motsarella-45-pretto-dpitstsylazanizapekaniya-bzmzh,339,нет скидки,PRETTO
76700,"Продукт сырный Green Idea Моцарелла веган кусок, 200г",https://online.metro-cc.ru/products/art_76700,245,нет скидки,GREEN IDEA
43862,"Сыр Киприно Алтайский 50%, ~1кг",https://online.metro-cc.ru/products/altajskij-kiprino-50-1kg-bzmzh,1 219,нет скидки,КИПРИНО
225278,"Сыр творожный President овощи на гриле 54%, 140г",https://online.metro-cc.ru/products/140g-syr-tvorozhnyy-54-president-ovoschi-na-grile-bzmzh,116,84,PRESIDENT
217688,"Сыр Боровский сыр чечил 45%, 130г",https://online.metro-cc.ru/products/130g-syr-chechil-45-borovskiy-bzmzh,179,нет скидки,БОРОВСКИЙ СЫР
213942,"Сыр Радость вкуса топленое молочко нарезка 45%, 125г",https://online.metro-cc.ru/products/125g-syr-toplenoe-molochko-45-radost-vkusa-nar-bzmzh,155,нет скидки,РАДОСТЬ ВКУСА
409582,"Сыр Ровеньки Голландский твердый, ~3.2кг",https://online.metro-cc.ru/products/rovenki-gollandskij-4kg-bzmzh,856,нет скидки,РОВЕНЬКИ
218457,"Сыр Bonfesto мягкий сливочный белый соус для пиццы 70%, 2кг",https://online.metro-cc.ru/products/2kg-syr-myagkiy-slivochn-70-bonfesto-bel-sous-dpits-bzmzh,1 099,нет скидки,BONFESTO
225277,"Сыр творожный President с травами 54%, 140г",https://online.metro-cc.ru/products/140g-syr-tvorozhnyy-54-president-s-travami-bzmzh,116,84,PRESIDENT
136097,"Сыр Dziugas Пармезан 2 месяца выдержки 40%, 200г",https://online.metro-cc.ru/products/syr-dziugas-parmezan-2-mesyatsa-vyderzhki-40-200g,459,нет скидки,DZIUGAS
663835,"Сыр President Creme De Chevre плавленый, 125г",https://online.metro-cc.ru/products/president-creme-de-chevre-125g-bzmzh,202,134,PRESIDENT
13252,"Сыр Cooking Моцарелла Пицца полутвердый 42%, 2.6кг",https://online.metro-cc.ru/products/cooking-mocarellaya-dlya-piccy-26kg-bzmzh,1 648,нет скидки,COOKING
76692,"Сыр растительный Green Idea Гауда на основе крахмала, 150г",https://online.metro-cc.ru/products/art_76692,187,нет скидки,GREEN IDEA
70361,"Сыр Alpino Грюйер Швейцарский твердый 50%, ~400г",https://online.metro-cc.ru/products/syr-alpino-gryuyer-shveytsarskiy-tverdiy-50-400g,4 989,нет скидки,ALPINO
226177,"Сыр Тысяча озёр Легкий полутвердый 15%, 200г",https://online.metro-cc.ru/products/200g-syr-legkiy-15-tysyacha-ozyor-kusok-bzmzh,219,199,ТЫСЯЧА ОЗЁР
107137,"METRO Chef Сыр брынза 45%, 500г",https://online.metro-cc.ru/products/metro-chef-45-500g,449,нет скидки,METRO CHEF
87384,"Сыр Киприно полутвердый 50%, ~1.5кг",https://online.metro-cc.ru/products/kiprino-50-15kg,1 099,нет скидки,КИПРИНО
120580,"Сыр Columbus Маасдам копченый 45%, ~1кг",https://online.metro-cc.ru/products/1kg-45-columbus-maasdam-kopchenyj-bzmzh,1 269,нет скидки,COLUMBUS
98466,"Сыр La Paulina Чеддер полутвердый 48%, 150г",https://online.metro-cc.ru/products/la-paulina-chedder-48-bzmzh-150-g,256,нет скидки,LA PAULINA
218280,"Сыр Карат плавленный сливочный круг 25%, 130г",https://online.metro-cc.ru/products/130g-syr-plavlenyy-25-karat-slivochnyy-krug-bzmzh,119,79,КАРАТ
471057,Сыр Киприно Российский полутвердый 50% ~1.5кг,https://online.metro-cc.ru/products/kiprino-rossijskij-50-15kg-bzmzh,999,нет скидки,КИПРИНО
532592,"Сыр Сваля нарезка 45%, 200г",https://online.metro-cc.ru/products/svalya-narezka-45-200-g-bzmzh,229,203,СВАЛЯ
213941,"Сыр легкий Радость вкуса нарезка 35%, 125г",https://online.metro-cc.ru/products/125g-syr-legkiy-35-radost-vkusa-narezka-bzmzh,147,нет скидки,РАДОСТЬ ВКУСА
226060,"Сыр мягкий Савушкин продукт Sveza Брынза Нежная 45%, 250г",https://online.metro-cc.ru/products/250g-brynza-nezhnaya-sveza-45-savushkin-produkt-bzmzh,182,нет скидки,САВУШКИН ПРОДУКТ
95362,"Сыр растительный Green Idea Моцарелла 24%, 200г",https://online.metro-cc.ru/products/rastitelnyj-mocarella-green-idea-24-200-g,246,нет скидки,GREEN IDEA
226209,"Сыр Киприно Гауда полутвердый 45%, 200г",https://online.metro-cc.ru/products/200g-syr-gauda-45-kiprino-kusok-bzmzh,239,нет скидки,КИПРИНО
60919,"Сыр Schonfeld Швейцарский Турмезан твердый нарезка 52%, 125г",https://online.metro-cc.ru/products/schonfeld-swiss-thurmesan-narezka-52-125g-bzmzh,389,нет скидки,SCHONFELD
539214,"Сыр President Чечил белый косичка 35%, 180г",https://online.metro-cc.ru/products/art_539214,309,нет скидки,PRESIDENT
226200,"Сыр Киприно Маасдам полутвердый 45%, 200г",https://online.metro-cc.ru/products/200g-syr-maasdam-45-kiprino-kusok-bzmzh,283,нет скидки,КИПРИНО
226198,"Сыр Киприно Голландский полутвердый 45%, 125г",https://online.metro-cc.ru/products/125g-syr-gollandskiy-45-kiprino-narezka-bzmzh,159,нет скидки,КИПРИНО
218916,"Сыр Hochland грюнландер легкий 35%, 400г",https://online.metro-cc.ru/products/400g-syr-gryunlander-35-hochland-legkiy-bzmzh,499,нет скидки,HOCHLAND
228430,"Сыр голландский Брест-Литовск кусок 45%, 200г",https://online.metro-cc.ru/products/syr-gollandskiy-brest-litovsk-kusok-45-200g,205,нет скидки,БРЕСТ-ЛИТОВСК
216421,"Сыр Менестрель эпос полутвердый, 250г",https://online.metro-cc.ru/products/syr-menestrel-epos-polutverdyy-250g,509,399,МЕНЕСТРЕЛЬ
43832,"Сыр Киприно Три сыра тертый, 200г",https://online.metro-cc.ru/products/tertyj-kiprino-tri-200g-bzmzh,189,159,КИПРИНО
553285,"Сыр плавленый Порховский МСЗ копченый 40%, ~400г",https://online.metro-cc.ru/products/porhovskij-msz-kopchenyj-40-400-g,649,нет скидки,ПОРХОВСКИЙ МСЗ
666127,"Сыр плавленый Экомилк Сливочный 55%, 400г",https://online.metro-cc.ru/products/syr-ekomilk-plavlenyj-400-g,209,нет скидки,ЭКОМИЛК
450114,"Сыр Пак Н.Ю. Тофу Королевский с оливками, 500г",https://online.metro-cc.ru/products/syr-tofu-pak-nyu-korolevskij-s-olivkami-500g-bzmzh,254,нет скидки,ПАК Н.Ю.
136304,"Сыр Ольхово плавденнвй копченый слайсы 40%, 125г",https://online.metro-cc.ru/products/syr-olhovo-plavdennvy-kopchenyy-slaysy-40-125g,116,99,ОЛЬХОВО
657724,"Сыр творожный Hochland с ветчиной и зеленью 60%, 140г",https://online.metro-cc.ru/products/hochland-s-vetchinoj-zelenyu-140g,130,нет скидки,HOCHLAND
508975,"Сыр творожный Hochland с лесными грибами 60%, 140г",https://online.metro-cc.ru/products/hochland-s-lesnymi-gribami-140g-bzmzh,130,нет скидки,HOCHLAND
134958,"Сыр плавленый Hochland Сливочный 35%, 100г",https://online.metro-cc.ru/products/plavlenyj-hochland-slivochnyj-35-100g-bzmzh,62,нет скидки,HOCHLAND
568491,"Сыр Аланталь Мраморный, ~2.2кг",https://online.metro-cc.ru/products/alantal-mramornyj-bzmzh-22-gr,939,нет скидки,АЛАНТАЛЬ
227462,"aro Продукт белково-жировой для пиццы 45%, 1кг",https://online.metro-cc.ru/products/aro-produkt-belkovo-zhirovoy-dlya-pitstsy-45-1kg,429,нет скидки,ARO
203934,"Сыр Bergstolz Swiss D'Or твердый 52%, 100г",https://online.metro-cc.ru/products/100g-syr-50-bergstolz-swiss-dor-6-mes-vyderzh-bzmzh,199,нет скидки,BERGSTOLZ
510983,"Сыр Золото Европы Dolce пармезан, ~6кг",https://online.metro-cc.ru/products/zoloto-evropy-dolce-parmezan-6-kg-bzmzh,1 384,нет скидки,DOLCE
